customer_id,total_orders,clv,avg_order_value,customer_type
31813,2,5726.04,2863.02,Repeat
61020,3,7844.9,2614.9666666666667,Repeat
119099,4,14768.77,3692.1925,Repeat
188838,2,5182.04,2591.02,Repeat
191616,2,4089.96,2044.98,Repeat
211163,3,11984.36,3994.786666666667,Repeat
243838,3,6061.06,2020.3533333333335,Repeat
376144,5,9359.35,1871.8700000000001,Repeat
408590,1,1217.39,1217.39,New
469006,3,5932.18,1977.3933333333334,Repeat
625395,4,7185.5599999999995,1796.3899999999999,Repeat
644189,1,3376.0,3376.0,New
666589,1,222.15,222.15,New
701493,3,8182.65,2727.5499999999997,Repeat
767523,1,2358.76,2358.76,New
773410,1,1838.15,1838.15,New
820740,3,5414.650000000001,1804.8833333333334,Repeat
899941,2,7121.92,3560.96,Repeat
949062,1,3558.14,3558.14,New
954629,1,44.35,44.35,New
966247,1,3110.34,3110.34,New
1108176,2,3667.81,1833.905,Repeat
1152215,1,1203.31,1203.31,New
1174162,3,3606.78,1202.26,Repeat
1200365,2,1543.77,771.885,Repeat
1301661,1,1395.67,1395.67,New
1342184,2,5899.87,2949.935,Repeat
1449273,2,4983.25,2491.625,Repeat
1469696,2,3472.48,1736.24,Repeat
1497747,1,1072.62,1072.62,New
1507408,3,3901.96,1300.6533333333334,Repeat
1529180,2,4575.31,2287.655,Repeat
1562083,2,4294.33,2147.165,Repeat
1588560,2,7210.93,3605.465,Repeat
1601161,5,8718.310000000001,1743.6620000000003,Repeat
1603358,3,7542.58,2514.193333333333,Repeat
1655637,1,3517.14,3517.14,New
1683786,2,7133.27,3566.635,Repeat
1697604,3,8458.68,2819.56,Repeat
1705969,2,5269.049999999999,2634.5249999999996,Repeat
1719710,2,3996.81,1998.405,Repeat
1771249,1,2399.6,2399.6,New
1816969,2,7750.5599999999995,3875.2799999999997,Repeat
1855421,2,3712.4300000000003,1856.2150000000001,Repeat
1989720,2,3688.92,1844.46,Repeat
2058037,4,10977.92,2744.48,Repeat
2134827,1,805.28,805.28,New
2136830,1,4369.13,4369.13,New
2164524,4,4677.639999999999,1169.4099999999999,Repeat
2188994,1,3750.59,3750.59,New
2219590,4,8078.45,2019.6125,Repeat
2233446,2,4218.14,2109.07,Repeat
2361575,2,5598.2300000000005,2799.1150000000002,Repeat
2365348,1,4789.73,4789.73,New
2391900,1,1381.22,1381.22,New
2400009,3,5928.53,1976.1766666666665,Repeat
2414265,2,5182.139999999999,2591.0699999999997,Repeat
2442235,2,3747.3,1873.65,Repeat
2457734,4,6744.32,1686.08,Repeat
2517955,1,950.6,950.6,New
2558646,3,4034.93,1344.9766666666667,Repeat
2566268,5,13417.32,2683.464,Repeat
2584499,3,3879.01,1293.0033333333333,Repeat
2667357,1,1666.89,1666.89,New
2684440,5,10019.32,2003.864,Repeat
2848415,1,1233.33,1233.33,New
2875442,1,310.87,310.87,New
2903620,2,3876.62,1938.31,Repeat
2928026,1,972.69,972.69,New
3002538,2,3130.74,1565.37,Repeat
3096845,2,5514.38,2757.19,Repeat
3100301,1,2618.61,2618.61,New
3282647,2,4671.450000000001,2335.7250000000004,Repeat
3292927,3,5999.26,1999.7533333333333,Repeat
3399251,1,1348.39,1348.39,New
3408982,4,9310.22,2327.555,Repeat
3410758,1,898.05,898.05,New
3421258,2,1407.12,703.56,Repeat
3468355,1,367.08,367.08,New
3483295,1,1596.72,1596.72,New
3588443,2,3724.12,1862.06,Repeat
3638834,2,2207.96,1103.98,Repeat
3660263,1,899.58,899.58,New
3730316,3,3173.85,1057.95,Repeat
3786105,2,5793.719999999999,2896.8599999999997,Repeat
3844290,2,4555.33,2277.665,Repeat
3872421,1,163.03,163.03,New
3875480,1,3071.72,3071.72,New
3893903,1,923.84,923.84,New
3897936,5,9089.44,1817.8880000000001,Repeat
3999964,2,5935.73,2967.865,Repeat
4055790,2,4109.889999999999,2054.9449999999997,Repeat
4057678,2,2296.4300000000003,1148.2150000000001,Repeat
4192351,1,4555.81,4555.81,New
4200802,1,858.57,858.57,New
4356173,3,2428.91,809.6366666666667,Repeat
4378755,3,5667.76,1889.2533333333333,Repeat
4386273,3,4354.88,1451.6266666666668,Repeat
4394659,2,5924.07,2962.035,Repeat
4439806,3,8478.0,2826.0,Repeat
4444673,1,491.39,491.39,New
4458329,1,127.16,127.16,New
4543215,1,2653.37,2653.37,New
4594944,1,4205.78,4205.78,New
4597433,6,15497.68,2582.9466666666667,Repeat
4606533,1,938.72,938.72,New
4758426,2,6462.13,3231.065,Repeat
4789829,2,6885.25,3442.625,Repeat
4862761,2,3317.1899999999996,1658.5949999999998,Repeat
4940671,1,3471.7,3471.7,New
4988545,2,5463.49,2731.745,Repeat
5001749,2,2604.45,1302.225,Repeat
5039883,5,11488.47,2297.694,Repeat
5043760,2,2691.16,1345.58,Repeat
5135207,1,4045.22,4045.22,New
5140660,1,2066.77,2066.77,New
5226128,2,3694.79,1847.395,Repeat
5228136,3,6360.14,2120.0466666666666,Repeat
5238055,3,8401.95,2800.65,Repeat
5277675,2,2650.36,1325.18,Repeat
5386246,3,8719.43,2906.476666666667,Repeat
5418547,2,2633.56,1316.78,Repeat
5540556,4,8749.83,2187.4575,Repeat
5607734,1,3767.45,3767.45,New
5700842,1,419.13,419.13,New
5712468,2,3280.3999999999996,1640.1999999999998,Repeat
5716817,3,7122.33,2374.11,Repeat
5751638,2,3763.8999999999996,1881.9499999999998,Repeat
5754255,3,2938.94,979.6466666666666,Repeat
5763963,5,6641.31,1328.2620000000002,Repeat
5901440,1,39.65,39.65,New
5961261,4,7210.87,1802.7175,Repeat
6025470,1,4593.42,4593.42,New
6061349,3,9223.01,3074.3366666666666,Repeat
6081270,1,836.16,836.16,New
6150721,5,8313.27,1662.654,Repeat
6184558,1,3676.83,3676.83,New
6186471,1,4356.46,4356.46,New
6245778,3,2736.77,912.2566666666667,Repeat
6247821,3,6206.78,2068.9266666666667,Repeat
6291143,2,3673.81,1836.905,Repeat
6319646,3,4477.48,1492.493333333333,Repeat
6335221,2,8162.09,4081.045,Repeat
6344345,3,6306.38,2102.1266666666666,Repeat
6390687,2,3644.79,1822.395,Repeat
6398761,4,7685.5,1921.375,Repeat
6459100,3,5143.1900000000005,1714.3966666666668,Repeat
6579892,4,12303.49,3075.8725,Repeat
6617417,1,1441.9,1441.9,New
6622751,1,3090.15,3090.15,New
6637282,4,6176.62,1544.155,Repeat
6668498,2,5471.110000000001,2735.5550000000003,Repeat
6724509,3,2734.55,911.5166666666668,Repeat
6756256,3,6810.71,2270.2366666666667,Repeat
6812439,3,1712.8600000000001,570.9533333333334,Repeat
6853981,1,141.28,141.28,New
6856445,2,5998.27,2999.135,Repeat
6867315,2,6151.219999999999,3075.6099999999997,Repeat
6959437,3,3112.0699999999997,1037.3566666666666,Repeat
6982488,3,5723.68,1907.8933333333334,Repeat
6992801,1,942.37,942.37,New
7076456,2,7500.719999999999,3750.3599999999997,Repeat
7228206,4,11704.43,2926.1075,Repeat
7288562,3,4667.1,1555.7,Repeat
7333934,3,4327.63,1442.5433333333333,Repeat
7378768,2,1587.2399999999998,793.6199999999999,Repeat
7522036,1,845.0,845.0,New
7551173,1,3919.44,3919.44,New
7591711,4,7305.79,1826.4475,Repeat
7687234,1,4559.56,4559.56,New
7728406,5,9590.720000000001,1918.1440000000002,Repeat
8025622,3,6292.71,2097.57,Repeat
8073518,1,1448.27,1448.27,New
8138417,1,2209.24,2209.24,New
8164639,2,4728.2,2364.1,Repeat
8228843,3,6271.29,2090.43,Repeat
8241122,4,6669.82,1667.455,Repeat
8351747,3,5516.66,1838.8866666666665,Repeat
8361353,2,6377.04,3188.52,Repeat
8375298,2,1112.44,556.22,Repeat
8383197,2,4844.43,2422.215,Repeat
8384106,1,796.88,796.88,New
8395343,3,7008.0199999999995,2336.0066666666667,Repeat
8395610,2,6443.63,3221.815,Repeat
8513589,2,6565.69,3282.845,Repeat
8536503,2,1711.19,855.595,Repeat
8628482,2,6500.450000000001,3250.2250000000004,Repeat
8632679,1,1442.99,1442.99,New
8651281,4,4335.65,1083.9125,Repeat
8733344,2,4272.07,2136.035,Repeat
8791577,8,19028.36,2378.545,Repeat
8817168,1,196.64,196.64,New
8881320,2,3006.3599999999997,1503.1799999999998,Repeat
8886587,1,2023.82,2023.82,New
8955057,3,5598.1900000000005,1866.0633333333335,Repeat
9048817,1,3944.12,3944.12,New
9097480,2,5655.6,2827.8,Repeat
9105829,2,5485.69,2742.845,Repeat
9107360,3,5210.74,1736.9133333333332,Repeat
9195970,1,1809.72,1809.72,New
9246851,2,5098.4400000000005,2549.2200000000003,Repeat
9274874,6,3721.02,620.17,Repeat
9278983,5,9068.35,1813.67,Repeat
9314637,2,4974.4400000000005,2487.2200000000003,Repeat
9347990,2,1461.79,730.895,Repeat
9401406,3,8038.67,2679.556666666667,Repeat
9419030,1,1973.65,1973.65,New
9423628,1,3342.15,3342.15,New
9450435,3,7220.76,2406.92,Repeat
9551011,1,307.23,307.23,New
9573071,4,8601.02,2150.255,Repeat
9641623,1,835.53,835.53,New
9650263,2,4364.28,2182.14,Repeat
9738801,4,8019.36,2004.84,Repeat
9796585,2,1321.1,660.55,Repeat
9981089,2,3035.8500000000004,1517.9250000000002,Repeat
9987182,4,11850.41,2962.6025,Repeat
10019218,4,9414.810000000001,2353.7025000000003,Repeat
10038382,2,6331.04,3165.52,Repeat
10048910,5,11162.4,2232.48,Repeat
10088428,1,1253.07,1253.07,New
10210309,1,2190.34,2190.34,New
10225164,2,4228.71,2114.355,Repeat
10240052,2,2755.39,1377.695,Repeat
10418604,3,8381.78,2793.9266666666667,Repeat
10508763,2,2396.75,1198.375,Repeat
10524732,3,3492.09,1164.03,Repeat
10541231,2,2015.4199999999998,1007.7099999999999,Repeat
10562528,7,11050.11,1578.587142857143,Repeat
10605484,2,3597.5199999999995,1798.7599999999998,Repeat
10608845,1,2265.63,2265.63,New
10663246,2,4821.82,2410.91,Repeat
10683250,2,1057.69,528.845,Repeat
10686446,1,2505.6,2505.6,New
10694081,1,3821.8,3821.8,New
10700664,3,2978.8900000000003,992.9633333333335,Repeat
10729474,2,5097.5,2548.75,Repeat
10745302,1,3759.4,3759.4,New
10769994,2,1105.69,552.845,Repeat
10789681,1,825.46,825.46,New
10796846,1,3330.44,3330.44,New
10797688,1,2232.88,2232.88,New
10830043,1,2244.39,2244.39,New
10855630,2,5001.01,2500.505,Repeat
10857389,4,5091.87,1272.9675,Repeat
10945990,2,3702.66,1851.33,Repeat
10951674,2,2110.33,1055.165,Repeat
11047835,4,8927.04,2231.76,Repeat
11063505,2,4218.7,2109.35,Repeat
11071601,2,4320.68,2160.34,Repeat
11082181,1,1303.23,1303.23,New
11143197,4,8949.08,2237.27,Repeat
11202130,4,9747.33,2436.8325,Repeat
11228463,1,3598.91,3598.91,New
11254582,3,4389.36,1463.12,Repeat
11387110,1,2922.5,2922.5,New
11389698,3,8357.68,2785.8933333333334,Repeat
11446157,5,15311.23,3062.246,Repeat
11470681,1,3007.93,3007.93,New
11478478,6,17719.29,2953.215,Repeat
11493300,1,4066.1,4066.1,New
11493380,4,12693.39,3173.3475,Repeat
11503405,1,2661.8,2661.8,New
11540364,1,3402.86,3402.86,New
11562458,2,7959.610000000001,3979.8050000000003,Repeat
11616535,4,5872.780000000001,1468.1950000000002,Repeat
11636968,2,4476.12,2238.06,Repeat
11705793,2,6739.360000000001,3369.6800000000003,Repeat
11775073,1,2388.23,2388.23,New
11928321,2,3923.3100000000004,1961.6550000000002,Repeat
12059049,4,11045.67,2761.4175,Repeat
12077371,4,7842.0599999999995,1960.5149999999999,Repeat
12088552,2,2049.82,1024.91,Repeat
12090436,1,834.86,834.86,New
12141418,1,1421.52,1421.52,New
12184293,1,4160.4,4160.4,New
12272282,5,11611.289999999999,2322.258,Repeat
12277039,4,12860.59,3215.1475,Repeat
12302179,1,1497.01,1497.01,New
12305040,3,8809.21,2936.403333333333,Repeat
12338529,3,3794.6899999999996,1264.8966666666665,Repeat
12402437,2,7044.07,3522.035,Repeat
12415659,1,2431.37,2431.37,New
12455156,3,3157.46,1052.4866666666667,Repeat
12469338,2,1757.75,878.875,Repeat
12500465,2,3926.33,1963.165,Repeat
12507907,2,2085.12,1042.56,Repeat
12574626,3,5356.67,1785.5566666666666,Repeat
12622901,2,7918.97,3959.485,Repeat
12655794,1,217.5,217.5,New
12695670,2,1619.96,809.98,Repeat
12755730,3,7745.370000000001,2581.7900000000004,Repeat
12769552,1,2169.15,2169.15,New
12778027,2,6501.95,3250.975,Repeat
12799092,3,4648.88,1549.6266666666668,Repeat
12814732,2,5185.969999999999,2592.9849999999997,Repeat
12832151,7,17178.65,2454.092857142857,Repeat
12851610,5,11862.14,2372.428,Repeat
12867472,2,4250.6,2125.3,Repeat
12967305,3,8329.8,2776.6,Repeat
12988801,2,4579.99,2289.995,Repeat
13071673,2,5265.6900000000005,2632.8450000000003,Repeat
13122744,1,2013.55,2013.55,New
13130974,1,4179.5,4179.5,New
13164195,4,13915.94,3478.985,Repeat
13189939,4,11042.32,2760.58,Repeat
13197985,1,1107.38,1107.38,New
13251137,5,11343.79,2268.7580000000003,Repeat
13265605,1,3337.4,3337.4,New
13284996,1,956.4,956.4,New
13383642,3,4776.26,1592.0866666666668,Repeat
13415362,1,1609.53,1609.53,New
13424885,1,2294.95,2294.95,New
13455530,3,9044.82,3014.94,Repeat
13461704,1,2279.47,2279.47,New
13462905,1,176.34,176.34,New
13465850,3,6814.68,2271.56,Repeat
13492411,2,2964.59,1482.295,Repeat
13494314,2,5073.49,2536.745,Repeat
13567338,1,916.92,916.92,New
13581527,3,5533.08,1844.36,Repeat
13585482,3,4898.23,1632.743333333333,Repeat
13604883,7,14002.59,2000.3700000000001,Repeat
13651980,2,4283.5,2141.75,Repeat
13760839,5,10384.25,2076.85,Repeat
13796199,3,9520.53,3173.51,Repeat
13871547,2,3396.38,1698.19,Repeat
13963450,1,2630.12,2630.12,New
14006996,2,6238.3099999999995,3119.1549999999997,Repeat
14161586,2,8391.54,4195.77,Repeat
14207332,2,6489.299999999999,3244.6499999999996,Repeat
14255231,2,8697.67,4348.835,Repeat
14272050,2,5672.35,2836.175,Repeat
14275043,1,4553.36,4553.36,New
14294171,1,995.56,995.56,New
14330483,2,3286.63,1643.315,Repeat
14367270,2,2468.38,1234.19,Repeat
14428954,3,9890.27,3296.7566666666667,Repeat
14458150,2,7134.84,3567.42,Repeat
14472401,4,5696.88,1424.22,Repeat
14479168,2,3395.52,1697.76,Repeat
14632090,3,10717.48,3572.4933333333333,Repeat
14693393,2,7205.32,3602.66,Repeat
14705462,2,7509.24,3754.62,Repeat
14839726,2,4949.27,2474.635,Repeat
14940427,3,7194.67,2398.2233333333334,Repeat
14944819,2,4427.8099999999995,2213.9049999999997,Repeat
14974554,2,3999.58,1999.79,Repeat
14991661,2,4277.14,2138.57,Repeat
15043066,1,2129.39,2129.39,New
15066187,3,10626.06,3542.02,Repeat
15144290,3,6958.92,2319.64,Repeat
15345667,1,3322.54,3322.54,New
15391556,1,1199.03,1199.03,New
15417130,1,3391.72,3391.72,New
15484407,3,3426.3900000000003,1142.13,Repeat
15487049,2,5137.77,2568.885,Repeat
15529446,2,358.07,179.035,Repeat
15534747,2,1519.74,759.87,Repeat
15568831,2,4170.360000000001,2085.1800000000003,Repeat
15599514,1,2831.58,2831.58,New
15631726,3,6718.43,2239.476666666667,Repeat
15661674,2,5317.11,2658.555,Repeat
15661901,2,3420.5699999999997,1710.2849999999999,Repeat
15733078,1,2406.32,2406.32,New
15796277,1,1589.89,1589.89,New
15808945,4,6858.35,1714.5875,Repeat
15830066,4,5033.89,1258.4725,Repeat
15897933,1,154.5,154.5,New
15931134,2,3315.1000000000004,1657.5500000000002,Repeat
16082651,2,2571.1000000000004,1285.5500000000002,Repeat
16230299,1,626.19,626.19,New
16256136,2,1151.27,575.635,Repeat
16341776,1,1036.38,1036.38,New
16359370,1,2333.7,2333.7,New
16376189,1,1609.25,1609.25,New
16379942,4,5727.700000000001,1431.9250000000002,Repeat
16400639,2,5962.969999999999,2981.4849999999997,Repeat
16410155,3,7414.59,2471.53,Repeat
16420489,5,14262.32,2852.464,Repeat
16424635,3,7201.16,2400.3866666666668,Repeat
16436359,2,6487.54,3243.77,Repeat
16448993,1,328.51,328.51,New
16484167,1,3927.09,3927.09,New
16485871,1,1135.56,1135.56,New
16543242,5,7849.540000000001,1569.9080000000001,Repeat
16561710,4,9975.27,2493.8175,Repeat
16617201,1,53.49,53.49,New
16640907,1,1078.17,1078.17,New
16780752,1,2814.99,2814.99,New
16785724,3,7483.84,2494.6133333333332,Repeat
17106161,1,2184.02,2184.02,New
17132416,2,6849.14,3424.57,Repeat
17159117,2,4653.8,2326.9,Repeat
17201639,1,3012.27,3012.27,New
17287733,2,5041.110000000001,2520.5550000000003,Repeat
17341194,2,5557.299999999999,2778.6499999999996,Repeat
17390673,2,1888.67,944.335,Repeat
17392512,1,361.89,361.89,New
17521263,1,738.71,738.71,New
17597449,5,17857.34,3571.468,Repeat
17675915,1,913.2,913.2,New
17681645,1,136.6,136.6,New
17696094,1,994.56,994.56,New
17749347,2,4039.66,2019.83,Repeat
17805991,8,18409.9,2301.2375,Repeat
17843667,1,1153.83,1153.83,New
17929886,2,3657.18,1828.59,Repeat
17939362,1,1213.48,1213.48,New
18035010,2,4202.22,2101.11,Repeat
18082040,3,5506.83,1835.61,Repeat
18113428,4,8327.119999999999,2081.7799999999997,Repeat
18140588,2,7136.73,3568.365,Repeat
18170800,1,2282.55,2282.55,New
18199057,2,3264.0299999999997,1632.0149999999999,Repeat
18229949,1,102.44,102.44,New
18256339,3,7505.38,2501.7933333333335,Repeat
18259715,4,2615.27,653.8175,Repeat
18326028,1,833.93,833.93,New
18394558,2,5704.59,2852.295,Repeat
18465047,4,13626.39,3406.5975,Repeat
18567760,3,5805.48,1935.1599999999999,Repeat
18642306,3,6618.49,2206.1633333333334,Repeat
18791381,4,11040.96,2760.24,Repeat
18889370,2,6470.28,3235.14,Repeat
18935489,3,5707.28,1902.4266666666665,Repeat
18940384,1,2549.18,2549.18,New
18986315,1,1996.55,1996.55,New
19067680,3,6801.7,2267.233333333333,Repeat
19080489,2,6787.47,3393.735,Repeat
19091057,3,5251.9800000000005,1750.66,Repeat
19145354,1,1525.58,1525.58,New
19179897,1,1721.08,1721.08,New
19180962,5,12130.09,2426.018,Repeat
19182548,3,5679.34,1893.1133333333335,Repeat
19216141,4,5012.85,1253.2125,Repeat
19259955,4,8311.47,2077.8675,Repeat
19275474,2,3714.62,1857.31,Repeat
19375332,2,5604.14,2802.07,Repeat
19393135,1,938.37,938.37,New
19400174,1,3804.03,3804.03,New
19425804,2,1730.79,865.395,Repeat
19482392,4,6193.93,1548.4825,Repeat
19523014,3,9464.960000000001,3154.986666666667,Repeat
19523856,1,2961.15,2961.15,New
19556566,2,8079.95,4039.975,Repeat
19581959,2,4418.9,2209.45,Repeat
19682060,3,7107.45,2369.15,Repeat
19705695,1,556.76,556.76,New
19741509,4,10700.07,2675.0175,Repeat
19771128,1,3041.96,3041.96,New
20122449,1,1435.13,1435.13,New
20148223,6,7865.3,1310.8833333333334,Repeat
20163931,6,8475.61,1412.6016666666667,Repeat
20209237,2,2147.44,1073.72,Repeat
20238921,4,5704.54,1426.135,Repeat
20298398,5,12587.05,2517.41,Repeat
20310720,2,4264.79,2132.395,Repeat
20314691,1,3291.28,3291.28,New
20343501,1,3903.48,3903.48,New
20360447,1,4588.23,4588.23,New
20469626,1,2161.37,2161.37,New
20496835,2,4128.69,2064.345,Repeat
20517871,1,4361.99,4361.99,New
20625627,2,4101.88,2050.94,Repeat
20634789,3,3803.41,1267.8033333333333,Repeat
20689141,2,4751.24,2375.62,Repeat
20834589,3,9303.29,3101.096666666667,Repeat
20835909,1,1063.55,1063.55,New
20940403,3,4336.4400000000005,1445.4800000000002,Repeat
20951294,1,989.88,989.88,New
20956158,6,9880.18,1646.6966666666667,Repeat
21201299,4,9273.79,2318.4475,Repeat
21270783,1,3496.28,3496.28,New
21282544,3,7390.42,2463.4733333333334,Repeat
21409946,3,8394.49,2798.1633333333334,Repeat
21425168,3,6870.5599999999995,2290.1866666666665,Repeat
21432404,1,424.61,424.61,New
21456226,1,1966.28,1966.28,New
21461764,4,15459.04,3864.76,Repeat
21481338,2,5430.7,2715.35,Repeat
21573815,5,13749.06,2749.812,Repeat
21577948,3,11214.05,3738.0166666666664,Repeat
21597477,4,7341.4400000000005,1835.3600000000001,Repeat
21658322,5,6442.24,1288.4479999999999,Repeat
21677923,3,10171.29,3390.4300000000003,Repeat
21697638,4,4197.09,1049.2725,Repeat
21701991,7,11648.6,1664.0857142857144,Repeat
21779155,1,2455.38,2455.38,New
21784094,1,1479.69,1479.69,New
21786873,2,4093.68,2046.84,Repeat
21809858,2,1282.15,641.075,Repeat
21866852,2,3457.76,1728.88,Repeat
21948041,3,13137.13,4379.043333333333,Repeat
22020776,1,4992.15,4992.15,New
22036818,2,3873.6099999999997,1936.8049999999998,Repeat
22047134,3,6051.37,2017.1233333333332,Repeat
22054087,3,5695.27,1898.4233333333334,Repeat
22076522,4,9534.15,2383.5375,Repeat
22077605,2,2648.55,1324.275,Repeat
22081691,3,8129.83,2709.943333333333,Repeat
22112867,3,7604.15,2534.7166666666667,Repeat
22133362,2,6421.84,3210.92,Repeat
22161071,1,2337.12,2337.12,New
22210238,6,21686.800000000003,3614.466666666667,Repeat
22227829,2,4804.719999999999,2402.3599999999997,Repeat
22293666,2,5307.74,2653.87,Repeat
22321208,4,10581.24,2645.31,Repeat
22358567,2,5499.91,2749.955,Repeat
22483684,3,4313.96,1437.9866666666667,Repeat
22524981,1,1333.69,1333.69,New
22571994,1,1308.05,1308.05,New
22613559,1,2843.52,2843.52,New
22694456,5,12685.68,2537.136,Repeat
22738465,3,4049.8500000000004,1349.95,Repeat
22800586,4,6143.59,1535.8975,Repeat
22822088,1,2962.71,2962.71,New
22846435,1,1543.13,1543.13,New
22851478,2,4111.64,2055.82,Repeat
22915611,3,4216.95,1405.6499999999999,Repeat
22931642,1,5453.47,5453.47,New
22974816,1,3194.98,3194.98,New
23081177,2,6540.88,3270.44,Repeat
23098216,1,3823.81,3823.81,New
23126356,3,8117.4,2705.7999999999997,Repeat
23126657,2,6323.93,3161.965,Repeat
23286884,2,7145.1,3572.55,Repeat
23348269,5,12192.71,2438.542,Repeat
23380116,3,5871.0199999999995,1957.0066666666664,Repeat
23448955,1,1656.08,1656.08,New
23567263,1,2854.52,2854.52,New
23676689,3,5261.200000000001,1753.7333333333336,Repeat
23755474,1,479.64,479.64,New
23794330,3,5430.969999999999,1810.323333333333,Repeat
23844919,2,3767.22,1883.61,Repeat
23961725,1,3804.98,3804.98,New
23976957,1,1252.01,1252.01,New
23982977,2,2481.61,1240.805,Repeat
23984022,2,4220.32,2110.16,Repeat
23996221,1,1663.27,1663.27,New
24000329,1,1864.68,1864.68,New
24043135,3,4160.1900000000005,1386.7300000000002,Repeat
24104630,2,3457.11,1728.555,Repeat
24137201,3,8212.08,2737.36,Repeat
24144240,5,10673.67,2134.734,Repeat
24153726,3,9106.119999999999,3035.373333333333,Repeat
24308515,3,5402.87,1800.9566666666667,Repeat
24323106,2,4018.13,2009.065,Repeat
24337950,3,5382.5599999999995,1794.1866666666665,Repeat
24357425,2,4825.139999999999,2412.5699999999997,Repeat
24456825,2,5323.4400000000005,2661.7200000000003,Repeat
24496983,2,2816.71,1408.355,Repeat
24517523,1,4190.02,4190.02,New
24621386,4,9034.34,2258.585,Repeat
24633671,2,5118.96,2559.48,Repeat
24644542,3,3349.9599999999996,1116.6533333333332,Repeat
24745800,1,3086.21,3086.21,New
24821281,4,8894.45,2223.6125,Repeat
24845814,2,5259.03,2629.515,Repeat
24896263,1,3112.29,3112.29,New
24988999,1,665.98,665.98,New
25081012,2,6926.33,3463.165,Repeat
25128143,7,17638.83,2519.8328571428574,Repeat
25221501,2,1990.95,995.475,Repeat
25287111,1,2506.93,2506.93,New
25294147,1,3427.02,3427.02,New
25447967,1,1772.45,1772.45,New
25526479,1,3732.99,3732.99,New
25585013,3,7078.88,2359.6266666666666,Repeat
25587553,3,6874.58,2291.5266666666666,Repeat
25595836,2,6099.8,3049.9,Repeat
25641500,3,6899.139999999999,2299.713333333333,Repeat
25659794,1,5747.38,5747.38,New
25665997,1,1306.86,1306.86,New
25706121,2,6652.389999999999,3326.1949999999997,Repeat
25713335,2,5168.85,2584.425,Repeat
25722990,4,10617.95,2654.4875,Repeat
25770577,3,4014.2700000000004,1338.0900000000001,Repeat
25795941,1,1983.84,1983.84,New
25829710,4,7225.93,1806.4825,Repeat
25850478,1,874.78,874.78,New
25915909,1,1445.95,1445.95,New
25977417,2,7268.14,3634.07,Repeat
26040510,3,6677.18,2225.726666666667,Repeat
26199489,2,1723.6,861.8,Repeat
26227445,1,2108.47,2108.47,New
26245432,2,5771.0,2885.5,Repeat
26250082,1,1905.92,1905.92,New
26285589,7,18912.97,2701.8528571428574,Repeat
26303194,4,6050.299999999999,1512.5749999999998,Repeat
26364643,1,5692.84,5692.84,New
26412689,1,2147.13,2147.13,New
26432512,1,1825.16,1825.16,New
26521850,2,1095.46,547.73,Repeat
26592009,1,2475.69,2475.69,New
26716400,2,3399.0600000000004,1699.5300000000002,Repeat
26752630,3,4225.36,1408.4533333333331,Repeat
26805477,1,1520.7,1520.7,New
26844216,5,9848.35,1969.67,Repeat
26863280,2,4399.0199999999995,2199.5099999999998,Repeat
26903313,2,4787.48,2393.74,Repeat
26912171,2,3668.87,1834.435,Repeat
26935187,2,7962.41,3981.205,Repeat
26936578,1,1204.48,1204.48,New
27049432,2,4558.05,2279.025,Repeat
27304727,1,3090.23,3090.23,New
27304827,3,6570.71,2190.2366666666667,Repeat
27336589,3,5092.16,1697.3866666666665,Repeat
27381533,1,4712.89,4712.89,New
27416314,1,230.58,230.58,New
27504517,3,2869.33,956.4433333333333,Repeat
27513158,3,6952.04,2317.346666666667,Repeat
27604184,5,11059.84,2211.968,Repeat
27620326,2,4366.78,2183.39,Repeat
27692428,2,2021.8000000000002,1010.9000000000001,Repeat
27694927,1,1751.84,1751.84,New
27698051,4,6764.75,1691.1875,Repeat
27709218,4,6364.07,1591.0175,Repeat
27727819,2,4296.22,2148.11,Repeat
27746432,1,3642.25,3642.25,New
27824078,1,1305.23,1305.23,New
27878182,2,5142.4,2571.2,Repeat
27955158,1,3434.25,3434.25,New
27971619,2,6366.389999999999,3183.1949999999997,Repeat
28111842,2,7162.389999999999,3581.1949999999997,Repeat
28173165,1,2037.05,2037.05,New
28205701,2,2434.17,1217.085,Repeat
28221067,1,338.14,338.14,New
28277304,1,1350.28,1350.28,New
28280172,1,2583.14,2583.14,New
28286754,3,5470.200000000001,1823.4000000000003,Repeat
28289030,1,2429.09,2429.09,New
28350645,2,824.99,412.495,Repeat
28394354,3,5612.74,1870.9133333333332,Repeat
28413467,1,4414.19,4414.19,New
28428852,3,6195.82,2065.273333333333,Repeat
28458746,2,3305.4300000000003,1652.7150000000001,Repeat
28499191,2,1414.01,707.005,Repeat
28603182,2,5799.52,2899.76,Repeat
28663279,5,13861.880000000001,2772.376,Repeat
28876580,1,2465.17,2465.17,New
28991365,2,5679.21,2839.605,Repeat
28995786,3,4780.65,1593.55,Repeat
29095552,4,8016.13,2004.0325,Repeat
29265216,1,878.07,878.07,New
29272253,4,6229.9,1557.475,Repeat
29324437,4,13058.41,3264.6025,Repeat
29361038,1,3876.32,3876.32,New
29415527,3,4939.93,1646.6433333333334,Repeat
29431960,1,169.88,169.88,New
29451600,4,10620.76,2655.19,Repeat
29525287,3,5331.55,1777.1833333333334,Repeat
29562072,4,8997.82,2249.455,Repeat
29562254,4,6564.61,1641.1525,Repeat
29584848,4,10291.470000000001,2572.8675000000003,Repeat
29600229,1,3493.45,3493.45,New
29653387,3,8533.939999999999,2844.646666666666,Repeat
29664214,1,764.69,764.69,New
29689766,4,4924.719999999999,1231.1799999999998,Repeat
29858395,1,2455.82,2455.82,New
29902416,3,4251.360000000001,1417.1200000000001,Repeat
29941225,1,559.88,559.88,New
29973346,5,13027.52,2605.504,Repeat
30029998,1,3973.9,3973.9,New
30042971,2,4621.13,2310.565,Repeat
30065862,3,7183.56,2394.52,Repeat
30188374,4,6233.38,1558.345,Repeat
30192942,3,12114.24,4038.08,Repeat
30265929,1,1887.26,1887.26,New
30285217,3,5778.1900000000005,1926.0633333333335,Repeat
30317733,5,8935.9,1787.1799999999998,Repeat
30367559,1,1456.96,1456.96,New
30373140,3,6889.35,2296.4500000000003,Repeat
30447453,4,7116.539999999999,1779.1349999999998,Repeat
30455484,3,6734.78,2244.9266666666667,Repeat
30468930,1,3217.54,3217.54,New
30643619,3,5098.719999999999,1699.573333333333,Repeat
30755306,1,2256.38,2256.38,New
30788486,2,4691.8099999999995,2345.9049999999997,Repeat
30823988,6,11943.92,1990.6533333333334,Repeat
30891209,1,2639.67,2639.67,New
30979436,2,2159.27,1079.635,Repeat
31000129,2,4424.85,2212.425,Repeat
31026200,3,7196.610000000001,2398.8700000000003,Repeat
31076002,3,7650.0,2550.0,Repeat
31084686,2,6094.66,3047.33,Repeat
31156674,4,8615.19,2153.7975,Repeat
31233120,2,3343.0899999999997,1671.5449999999998,Repeat
31324823,2,3951.86,1975.93,Repeat
31328762,2,8889.810000000001,4444.905000000001,Repeat
31371112,2,5944.700000000001,2972.3500000000004,Repeat
31384626,1,1001.25,1001.25,New
31389750,2,5772.12,2886.06,Repeat
31410886,1,2272.72,2272.72,New
31456752,5,13229.970000000001,2645.994,Repeat
31527100,1,1742.0,1742.0,New
31537100,2,4304.62,2152.31,Repeat
31576845,3,6745.34,2248.4466666666667,Repeat
31582950,3,8479.77,2826.59,Repeat
31619915,1,1379.82,1379.82,New
31622158,1,1682.78,1682.78,New
31681710,4,8499.26,2124.815,Repeat
31718565,3,4744.9,1581.6333333333332,Repeat
31776996,4,14008.75,3502.1875,Repeat
31831843,2,1379.08,689.54,Repeat
31846190,2,4329.94,2164.97,Repeat
31923338,2,2890.54,1445.27,Repeat
31940833,6,16365.66,2727.61,Repeat
31978160,1,1608.11,1608.11,New
31981068,1,2405.76,2405.76,New
32003512,2,4934.72,2467.36,Repeat
32006907,1,2494.47,2494.47,New
32019725,3,10448.23,3482.7433333333333,Repeat
32054313,4,8517.32,2129.33,Repeat
32203588,2,929.38,464.69,Repeat
32293017,5,9683.43,1936.6860000000001,Repeat
32426778,1,4827.19,4827.19,New
32500305,2,2052.7799999999997,1026.3899999999999,Repeat
32527479,4,10032.45,2508.1125,Repeat
32540616,1,4248.74,4248.74,New
32564478,1,3025.16,3025.16,New
32585389,2,6848.08,3424.04,Repeat
32595806,1,1628.06,1628.06,New
32635818,2,4563.68,2281.84,Repeat
32656885,1,1540.06,1540.06,New
32797235,4,8139.77,2034.9425,Repeat
32809328,2,709.82,354.91,Repeat
32830199,4,7668.9,1917.225,Repeat
32868927,1,634.28,634.28,New
32929817,2,3955.4,1977.7,Repeat
32987624,4,8339.880000000001,2084.9700000000003,Repeat
33034249,2,6554.719999999999,3277.3599999999997,Repeat
33280073,1,989.77,989.77,New
33295496,1,3502.77,3502.77,New
33331259,4,9616.06,2404.015,Repeat
33370343,1,3570.08,3570.08,New
33472376,2,7828.88,3914.44,Repeat
33481252,4,9717.52,2429.38,Repeat
33544355,2,5835.950000000001,2917.9750000000004,Repeat
33608451,1,3352.28,3352.28,New
33617546,1,4428.29,4428.29,New
33651554,2,9397.900000000001,4698.950000000001,Repeat
33658749,2,1056.98,528.49,Repeat
33675108,4,5719.780000000001,1429.9450000000002,Repeat
33685414,2,2138.62,1069.31,Repeat
33706378,2,6896.68,3448.34,Repeat
33741801,3,9840.46,3280.153333333333,Repeat
33871107,3,10453.99,3484.6633333333334,Repeat
33998721,1,3038.93,3038.93,New
34074184,1,1492.14,1492.14,New
34095555,4,6863.509999999999,1715.8774999999998,Repeat
34156884,2,1794.35,897.175,Repeat
34237583,3,7363.0,2454.3333333333335,Repeat
34281470,3,7879.1900000000005,2626.396666666667,Repeat
34381941,1,2310.95,2310.95,New
34425723,1,890.42,890.42,New
34526442,1,4073.52,4073.52,New
34526570,2,1185.52,592.76,Repeat
34567918,3,6555.66,2185.22,Repeat
34580200,1,2174.92,2174.92,New
34588087,2,6688.84,3344.42,Repeat
34655710,3,3258.98,1086.3266666666666,Repeat
34668988,4,6715.21,1678.8025,Repeat
34697768,1,3293.03,3293.03,New
34713143,1,2577.7,2577.7,New
34755436,3,7746.73,2582.2433333333333,Repeat
34761418,1,2457.2,2457.2,New
34768050,2,5012.68,2506.34,Repeat
34787383,4,3963.5200000000004,990.8800000000001,Repeat
34835738,3,9399.95,3133.316666666667,Repeat
34839913,3,7986.43,2662.1433333333334,Repeat
34853377,3,4021.03,1340.3433333333335,Repeat
34897081,2,4763.95,2381.975,Repeat
35049420,1,3483.31,3483.31,New
35133191,1,1725.22,1725.22,New
35144658,1,3834.36,3834.36,New
35156679,3,6666.26,2222.0866666666666,Repeat
35237846,1,2010.17,2010.17,New
35278126,2,5868.7,2934.35,Repeat
35302195,2,2391.94,1195.97,Repeat
35349582,2,3572.83,1786.415,Repeat
35358395,3,6296.38,2098.7933333333335,Repeat
35402531,2,5781.3,2890.65,Repeat
35434373,3,5418.07,1806.0233333333333,Repeat
35435896,1,1714.38,1714.38,New
35455991,2,4867.96,2433.98,Repeat
35459748,3,6500.9400000000005,2166.98,Repeat
35554129,2,6012.49,3006.245,Repeat
35690581,2,5990.57,2995.285,Repeat
35705377,3,5952.07,1984.0233333333333,Repeat
35782051,2,7050.12,3525.06,Repeat
35812567,1,3043.32,3043.32,New
35826539,3,11471.11,3823.7033333333334,Repeat
35885052,2,2179.77,1089.885,Repeat
35912599,4,7142.09,1785.5225,Repeat
35988028,4,8451.94,2112.985,Repeat
36142455,3,7136.389999999999,2378.7966666666666,Repeat
36146306,3,4584.62,1528.2066666666667,Repeat
36400756,3,9050.31,3016.77,Repeat
36428139,2,3897.2299999999996,1948.6149999999998,Repeat
36462363,1,261.03,261.03,New
36517334,2,1359.21,679.605,Repeat
36578947,2,2857.45,1428.725,Repeat
36587003,1,1765.22,1765.22,New
36675827,2,5605.43,2802.715,Repeat
36737539,4,11578.98,2894.745,Repeat
36774480,2,3180.26,1590.13,Repeat
36833857,4,10131.82,2532.955,Repeat
36885115,1,1363.04,1363.04,New
36998375,2,5234.9,2617.45,Repeat
37054866,1,4269.53,4269.53,New
37095171,3,4820.25,1606.75,Repeat
37227953,1,1735.7,1735.7,New
37245065,2,2856.0499999999997,1428.0249999999999,Repeat
37288781,1,2685.25,2685.25,New
37309023,3,2086.66,695.5533333333333,Repeat
37362180,2,4985.01,2492.505,Repeat
37551429,2,2874.26,1437.13,Repeat
37556526,4,8836.16,2209.04,Repeat
37633848,1,3820.42,3820.42,New
37691544,4,9006.79,2251.6975,Repeat
37702698,2,5073.92,2536.96,Repeat
37759707,3,8319.23,2773.0766666666664,Repeat
37802267,1,927.52,927.52,New
37904682,1,2010.82,2010.82,New
37915052,1,3949.87,3949.87,New
37926207,1,2762.95,2762.95,New
37947202,5,10890.86,2178.172,Repeat
38133873,2,1851.25,925.625,Repeat
38244021,1,1666.68,1666.68,New
38327793,2,6476.04,3238.02,Repeat
38420886,6,11511.92,1918.6533333333334,Repeat
38478423,2,2499.99,1249.995,Repeat
38496400,2,3703.6899999999996,1851.8449999999998,Repeat
38568692,1,1723.54,1723.54,New
38613295,1,580.18,580.18,New
38613642,3,7771.629999999999,2590.543333333333,Repeat
38615653,2,4027.2,2013.6,Repeat
38671747,2,5092.18,2546.09,Repeat
38694209,1,3043.5,3043.5,New
38709137,1,2128.54,2128.54,New
38728779,2,4163.94,2081.97,Repeat
38780509,1,940.61,940.61,New
38808614,2,7207.4,3603.7,Repeat
38875754,4,6192.0599999999995,1548.0149999999999,Repeat
38902193,4,9443.15,2360.7875,Repeat
38902882,3,12254.12,4084.706666666667,Repeat
38969732,4,12006.61,3001.6525,Repeat
39042103,3,7619.79,2539.93,Repeat
39093069,3,7418.35,2472.7833333333333,Repeat
39140039,2,4574.13,2287.065,Repeat
39150258,1,1858.93,1858.93,New
39153585,3,4411.3,1470.4333333333334,Repeat
39301587,1,236.51,236.51,New
39317905,2,3816.8500000000004,1908.4250000000002,Repeat
39418109,2,4916.9400000000005,2458.4700000000003,Repeat
39423691,1,3130.27,3130.27,New
39645619,1,1039.32,1039.32,New
39674723,3,4470.11,1490.0366666666666,Repeat
39717448,2,4002.12,2001.06,Repeat
39957741,2,4925.2699999999995,2462.6349999999998,Repeat
39959491,1,1685.01,1685.01,New
39976965,2,2278.81,1139.405,Repeat
39999278,1,5770.21,5770.21,New
40055711,3,8654.36,2884.786666666667,Repeat
40085705,2,4913.09,2456.545,Repeat
40117357,1,2915.52,2915.52,New
40192266,3,6577.049999999999,2192.35,Repeat
40256341,1,1477.71,1477.71,New
40275138,3,2148.3,716.1,Repeat
40277444,3,8473.16,2824.3866666666668,Repeat
40305293,3,5259.43,1753.1433333333334,Repeat
40387944,2,2641.26,1320.63,Repeat
40392019,4,9763.560000000001,2440.8900000000003,Repeat
40419593,1,225.21,225.21,New
40434527,2,3992.71,1996.355,Repeat
40563029,2,5539.73,2769.865,Repeat
40587811,3,8842.439999999999,2947.4799999999996,Repeat
40593638,2,4534.24,2267.12,Repeat
40626729,1,1613.11,1613.11,New
40643232,2,1925.01,962.505,Repeat
40667183,1,3587.82,3587.82,New
40692378,1,2330.28,2330.28,New
40703374,4,6549.45,1637.3625,Repeat
40727086,4,10896.45,2724.1125,Repeat
40841791,2,6226.97,3113.485,Repeat
40858753,2,3018.44,1509.22,Repeat
40871915,2,3699.7799999999997,1849.8899999999999,Repeat
40986000,1,4191.3,4191.3,New
41008070,3,6387.64,2129.2133333333336,Repeat
41073776,2,6054.68,3027.34,Repeat
41146001,2,1928.0500000000002,964.0250000000001,Repeat
41155125,4,9806.86,2451.715,Repeat
41164215,4,10050.22,2512.555,Repeat
41168392,2,2810.94,1405.47,Repeat
41181125,2,6007.15,3003.575,Repeat
41194825,3,6905.38,2301.7933333333335,Repeat
41261495,2,2268.73,1134.365,Repeat
41395224,1,2419.46,2419.46,New
41439103,1,2655.22,2655.22,New
41494517,2,845.02,422.51,Repeat
41494867,2,3124.71,1562.355,Repeat
41612464,1,1380.66,1380.66,New
41640262,6,12760.74,2126.79,Repeat
41647393,3,3735.06,1245.02,Repeat
41811800,2,2183.48,1091.74,Repeat
41874489,3,9818.12,3272.706666666667,Repeat
41878908,4,8718.880000000001,2179.7200000000003,Repeat
41972994,2,4990.3099999999995,2495.1549999999997,Repeat
42012717,4,10936.029999999999,2734.0074999999997,Repeat
42102289,3,6385.790000000001,2128.596666666667,Repeat
42208242,4,9151.630000000001,2287.9075000000003,Repeat
42227189,2,3897.6400000000003,1948.8200000000002,Repeat
42262168,3,4332.24,1444.08,Repeat
42272393,1,785.67,785.67,New
42366724,4,7475.61,1868.9025,Repeat
42432226,2,885.89,442.945,Repeat
42465414,2,2606.2799999999997,1303.1399999999999,Repeat
42514124,3,2630.01,876.6700000000001,Repeat
42589311,2,5880.030000000001,2940.0150000000003,Repeat
42615134,1,3371.28,3371.28,New
42723554,5,11873.06,2374.612,Repeat
42781544,2,5595.24,2797.62,Repeat
42872865,1,474.34,474.34,New
42989999,3,9290.13,3096.7099999999996,Repeat
43034188,2,3713.6400000000003,1856.8200000000002,Repeat
43052303,4,11138.18,2784.545,Repeat
43066953,1,2839.24,2839.24,New
43243913,1,993.86,993.86,New
43256928,3,9976.9,3325.633333333333,Repeat
43295656,4,8914.42,2228.605,Repeat
43307488,1,261.03,261.03,New
43367112,3,5273.8,1757.9333333333334,Repeat
43377076,2,2558.88,1279.44,Repeat
43431724,2,4608.03,2304.015,Repeat
43459807,1,123.74,123.74,New
43518622,2,4672.7,2336.35,Repeat
43519553,1,1441.0,1441.0,New
43599910,3,5339.900000000001,1779.966666666667,Repeat
43784632,3,8887.32,2962.44,Repeat
43799224,2,765.27,382.635,Repeat
43860025,2,6861.129999999999,3430.5649999999996,Repeat
43980719,1,785.67,785.67,New
43990799,3,8492.64,2830.8799999999997,Repeat
44030130,3,5423.54,1807.8466666666666,Repeat
44050697,3,5277.45,1759.1499999999999,Repeat
44139071,2,2687.67,1343.835,Repeat
44149982,4,7984.5,1996.125,Repeat
44174426,1,3064.36,3064.36,New
44198187,1,2313.22,2313.22,New
44223796,4,11971.46,2992.865,Repeat
44269569,3,4768.969999999999,1589.6566666666665,Repeat
44409533,4,11653.05,2913.2625,Repeat
44410149,6,17552.69,2925.4483333333333,Repeat
44477365,2,4676.85,2338.425,Repeat
44557943,2,6674.71,3337.355,Repeat
44562310,3,7461.76,2487.2533333333336,Repeat
44589829,4,8865.85,2216.4625,Repeat
44723662,2,4433.79,2216.895,Repeat
44776601,2,3678.3100000000004,1839.1550000000002,Repeat
44828791,4,4878.8099999999995,1219.7024999999999,Repeat
44859592,1,755.91,755.91,New
44888581,2,2291.55,1145.775,Repeat
44928499,2,3858.51,1929.255,Repeat
45028365,2,6351.75,3175.875,Repeat
45033270,1,3702.6,3702.6,New
45052594,3,8936.66,2978.8866666666668,Repeat
45066676,3,7158.5,2386.1666666666665,Repeat
45071436,2,2971.48,1485.74,Repeat
45166203,4,8987.42,2246.855,Repeat
45314389,2,5199.04,2599.52,Repeat
45323391,3,7664.27,2554.7566666666667,Repeat
45383958,1,1460.67,1460.67,New
45477575,5,13118.19,2623.638,Repeat
45481936,2,3280.21,1640.105,Repeat
45546750,1,2229.88,2229.88,New
45586151,3,7338.889999999999,2446.2966666666666,Repeat
45659330,3,5961.19,1987.0633333333333,Repeat
45700473,3,10020.130000000001,3340.0433333333335,Repeat
45700739,2,7376.91,3688.455,Repeat
45708879,3,5857.36,1952.4533333333331,Repeat
45804389,3,8838.9,2946.2999999999997,Repeat
45868300,3,7800.889999999999,2600.2966666666666,Repeat
46023497,1,325.08,325.08,New
46088132,1,242.57,242.57,New
46185579,4,7882.88,1970.72,Repeat
46208150,4,7588.48,1897.12,Repeat
46313756,3,2952.84,984.2800000000001,Repeat
46378942,1,3988.44,3988.44,New
46504355,5,13419.51,2683.902,Repeat
46515922,1,3639.83,3639.83,New
46563355,2,5300.42,2650.21,Repeat
46564935,1,3751.55,3751.55,New
46615831,3,9938.48,3312.8266666666664,Repeat
46623192,6,11109.06,1851.51,Repeat
46629917,3,8056.88,2685.6266666666666,Repeat
46675763,2,4202.82,2101.41,Repeat
46682777,1,765.76,765.76,New
46684081,1,1131.6,1131.6,New
46686696,3,5359.65,1786.55,Repeat
46699982,4,10340.96,2585.24,Repeat
46717997,3,10379.449999999999,3459.816666666666,Repeat
46741896,4,8038.16,2009.54,Repeat
46802633,2,3277.21,1638.605,Repeat
46828932,1,1517.0,1517.0,New
46836361,2,4058.95,2029.475,Repeat
46848302,2,3861.0299999999997,1930.5149999999999,Repeat
46875863,4,7450.38,1862.595,Repeat
46876240,3,8896.759999999998,2965.586666666666,Repeat
46885873,2,5424.1,2712.05,Repeat
46989310,4,7205.179999999999,1801.2949999999998,Repeat
47043878,2,2753.4,1376.7,Repeat
47125914,2,4103.79,2051.895,Repeat
47206881,3,6232.05,2077.35,Repeat
47215976,3,2886.0699999999997,962.0233333333332,Repeat
47274329,4,6683.5199999999995,1670.8799999999999,Repeat
47295676,2,4273.62,2136.81,Repeat
47387512,1,2943.17,2943.17,New
47503133,3,5516.1,1838.7,Repeat
47515046,2,1518.97,759.485,Repeat
47577193,3,6003.39,2001.13,Repeat
47590944,3,6441.05,2147.016666666667,Repeat
47618810,2,3748.98,1874.49,Repeat
47625855,6,13056.68,2176.1133333333332,Repeat
47822591,1,3090.86,3090.86,New
47939657,2,4656.0599999999995,2328.0299999999997,Repeat
47955004,3,6545.39,2181.7966666666666,Repeat
47990044,1,77.11,77.11,New
48002829,2,5469.88,2734.94,Repeat
48033969,2,2105.79,1052.895,Repeat
48150243,2,4652.2699999999995,2326.1349999999998,Repeat
48158494,2,6011.42,3005.71,Repeat
48160359,2,6188.9400000000005,3094.4700000000003,Repeat
48167795,2,913.17,456.585,Repeat
48228547,4,7583.370000000001,1895.8425000000002,Repeat
48268435,2,1998.25,999.125,Repeat
48281892,4,11845.080000000002,2961.2700000000004,Repeat
48284116,2,3489.5,1744.75,Repeat
48358028,3,5875.049999999999,1958.3499999999997,Repeat
48409448,2,6846.049999999999,3423.0249999999996,Repeat
48418662,4,5656.85,1414.2125,Repeat
48481702,1,3323.75,3323.75,New
48511124,2,6484.73,3242.365,Repeat
48554440,3,7958.889999999999,2652.963333333333,Repeat
48716374,2,4296.87,2148.435,Repeat
48730063,2,3473.02,1736.51,Repeat
48765625,1,1172.69,1172.69,New
48776805,3,9272.96,3090.986666666666,Repeat
48778633,3,8076.2,2692.0666666666666,Repeat
48943848,2,6554.45,3277.225,Repeat
49050014,2,6662.75,3331.375,Repeat
49117070,1,2925.56,2925.56,New
49136375,4,7024.070000000001,1756.0175000000002,Repeat
49147776,3,3719.06,1239.6866666666667,Repeat
49152878,4,7062.54,1765.635,Repeat
49241309,2,3826.61,1913.305,Repeat
49258916,1,1706.73,1706.73,New
49260858,1,6161.48,6161.48,New
49371494,2,2126.19,1063.095,Repeat
49433260,5,11243.23,2248.6459999999997,Repeat
49449238,2,7182.92,3591.46,Repeat
49457685,1,3773.85,3773.85,New
49529811,4,8486.37,2121.5925,Repeat
49617531,2,5621.07,2810.535,Repeat
49617892,3,9000.82,3000.273333333333,Repeat
49756591,3,3610.2799999999997,1203.4266666666665,Repeat
49769532,1,3321.85,3321.85,New
49795571,3,3930.92,1310.3066666666666,Repeat
49806393,4,9396.95,2349.2375,Repeat
49833888,1,3541.32,3541.32,New
49869358,1,367.08,367.08,New
49881540,2,1947.05,973.525,Repeat
49915498,1,3928.0,3928.0,New
49970560,3,6762.54,2254.18,Repeat
49985597,2,7589.110000000001,3794.5550000000003,Repeat
50015282,2,5764.72,2882.36,Repeat
50045027,1,530.85,530.85,New
50080663,3,10163.05,3387.683333333333,Repeat
50105174,2,5779.78,2889.89,Repeat
50229203,2,2761.32,1380.66,Repeat
50392139,1,1711.61,1711.61,New
50484778,1,866.17,866.17,New
50518311,2,5082.860000000001,2541.4300000000003,Repeat
50527764,1,1246.63,1246.63,New
50557979,4,5534.78,1383.695,Repeat
50572914,2,3905.92,1952.96,Repeat
50630016,2,2090.87,1045.435,Repeat
50632192,3,2440.08,813.36,Repeat
50650215,1,827.77,827.77,New
50652909,1,2232.88,2232.88,New
50680889,1,2783.74,2783.74,New
50760752,2,3769.99,1884.995,Repeat
50781611,3,6601.93,2200.6433333333334,Repeat
50899600,4,8847.029999999999,2211.7574999999997,Repeat
50953418,2,4712.32,2356.16,Repeat
50968312,3,7064.82,2354.94,Repeat
51014003,2,9232.39,4616.195,Repeat
51034600,2,2828.56,1414.28,Repeat
51040116,1,4749.99,4749.99,New
51048402,2,5004.84,2502.42,Repeat
51119088,4,7332.24,1833.06,Repeat
51174875,2,4454.110000000001,2227.0550000000003,Repeat
51341672,3,10981.470000000001,3660.4900000000002,Repeat
51387106,1,1086.27,1086.27,New
51476157,4,10251.23,2562.8075,Repeat
51503088,3,6078.179999999999,2026.0599999999997,Repeat
51544662,2,1622.98,811.49,Repeat
51547198,1,4476.55,4476.55,New
51556553,1,1817.16,1817.16,New
51557673,1,4360.12,4360.12,New
51592174,3,7128.070000000001,2376.0233333333335,Repeat
51661209,5,8966.91,1793.382,Repeat
51669263,3,8612.51,2870.8366666666666,Repeat
51670882,5,7824.92,1564.984,Repeat
51812283,1,486.28,486.28,New
51833636,2,4315.46,2157.73,Repeat
51872499,2,4379.29,2189.645,Repeat
51945420,2,6377.08,3188.54,Repeat
51994597,2,2173.31,1086.655,Repeat
52001314,2,5857.89,2928.945,Repeat
52032226,2,4486.23,2243.115,Repeat
52048413,1,1705.95,1705.95,New
52075070,2,3392.0,1696.0,Repeat
52085702,4,12120.060000000001,3030.0150000000003,Repeat
52215833,2,5073.74,2536.87,Repeat
52279849,1,2411.61,2411.61,New
52337289,1,2368.0,2368.0,New
52409516,4,6936.84,1734.21,Repeat
52417972,3,3286.6,1095.5333333333333,Repeat
52428250,3,8223.27,2741.09,Repeat
52613657,2,5728.15,2864.075,Repeat
52672659,1,1416.18,1416.18,New
52678787,1,3045.23,3045.23,New
52757321,4,10904.550000000001,2726.1375000000003,Repeat
52770036,3,3295.67,1098.5566666666666,Repeat
52815265,1,171.2,171.2,New
52862822,1,1487.29,1487.29,New
52913011,2,8561.24,4280.62,Repeat
52915166,1,309.62,309.62,New
53025962,2,3490.16,1745.08,Repeat
53076417,2,3477.4399999999996,1738.7199999999998,Repeat
53100521,1,1648.07,1648.07,New
53292177,3,7854.63,2618.21,Repeat
53299455,3,6836.58,2278.86,Repeat
53332493,3,4858.98,1619.6599999999999,Repeat
53354003,2,1869.52,934.76,Repeat
53392567,2,4074.54,2037.27,Repeat
53399500,1,1063.23,1063.23,New
53538932,2,5659.54,2829.77,Repeat
53557741,1,3092.96,3092.96,New
53624677,3,4187.16,1395.72,Repeat
53636086,4,7190.31,1797.5775,Repeat
53640286,2,2495.75,1247.875,Repeat
53782978,1,4111.84,4111.84,New
53815931,1,267.29,267.29,New
53974737,2,4973.0599999999995,2486.5299999999997,Repeat
54038173,1,2490.79,2490.79,New
54057428,1,2115.53,2115.53,New
54139038,3,7368.82,2456.273333333333,Repeat
54145987,3,3310.69,1103.5633333333333,Repeat
54216497,1,2373.52,2373.52,New
54222320,2,4402.1,2201.05,Repeat
54338574,2,3370.0499999999997,1685.0249999999999,Repeat
54347213,2,2795.96,1397.98,Repeat
54375571,1,1440.56,1440.56,New
54580166,3,5749.05,1916.3500000000001,Repeat
54619715,2,1149.58,574.79,Repeat
54680459,1,1075.43,1075.43,New
54730270,4,7085.34,1771.335,Repeat
54748429,2,7270.75,3635.375,Repeat
54797119,3,4498.860000000001,1499.6200000000001,Repeat
54799731,1,5349.56,5349.56,New
54837637,1,385.71,385.71,New
54877984,2,5168.5,2584.25,Repeat
54885705,2,703.5400000000001,351.77000000000004,Repeat
54893418,2,4660.0599999999995,2330.0299999999997,Repeat
54923640,6,12495.95,2082.6583333333333,Repeat
54952806,3,6396.4800000000005,2132.1600000000003,Repeat
55007963,1,209.59,209.59,New
55028958,3,7614.450000000001,2538.15,Repeat
55042740,3,7051.07,2350.3566666666666,Repeat
55056284,2,3036.2200000000003,1518.1100000000001,Repeat
55060796,3,7652.209999999999,2550.736666666666,Repeat
55094848,1,3867.53,3867.53,New
55170753,2,1902.71,951.355,Repeat
55278329,1,552.2,552.2,New
55404382,2,2527.5099999999998,1263.7549999999999,Repeat
55425478,3,7458.530000000001,2486.1766666666667,Repeat
55472026,2,2277.77,1138.885,Repeat
55552600,1,2140.11,2140.11,New
55693909,3,5566.26,1855.42,Repeat
55733729,1,959.01,959.01,New
55803572,1,2551.93,2551.93,New
55936462,1,1179.35,1179.35,New
55971849,2,4826.1,2413.05,Repeat
56195475,3,4916.95,1638.9833333333333,Repeat
56248757,1,464.47,464.47,New
56250563,1,2440.73,2440.73,New
56352626,1,1367.96,1367.96,New
56441247,4,7330.14,1832.535,Repeat
56457995,2,5213.209999999999,2606.6049999999996,Repeat
56480776,1,1614.08,1614.08,New
56548063,3,7606.91,2535.6366666666668,Repeat
56572297,3,11719.01,3906.3366666666666,Repeat
56604077,2,3869.38,1934.69,Repeat
56764791,1,2172.56,2172.56,New
56780331,3,9976.630000000001,3325.5433333333335,Repeat
57063557,1,1686.55,1686.55,New
57081917,5,12293.97,2458.794,Repeat
57102800,3,3594.1499999999996,1198.05,Repeat
57207678,1,726.41,726.41,New
57213543,1,1277.83,1277.83,New
57217288,1,3297.69,3297.69,New
57291761,6,14216.08,2369.346666666667,Repeat
57331847,2,5284.84,2642.42,Repeat
57340963,4,5399.1,1349.775,Repeat
57360162,3,3364.6899999999996,1121.5633333333333,Repeat
57392064,4,7425.65,1856.4125,Repeat
57474553,2,5240.55,2620.275,Repeat
57505804,3,6342.46,2114.153333333333,Repeat
57523973,3,4256.13,1418.71,Repeat
57526322,4,8332.82,2083.205,Repeat
57537308,3,7737.799999999999,2579.2666666666664,Repeat
57548210,1,3915.04,3915.04,New
57566548,3,2819.8599999999997,939.9533333333333,Repeat
57579640,1,2687.31,2687.31,New
57642258,3,3185.52,1061.84,Repeat
57658033,2,3981.4700000000003,1990.7350000000001,Repeat
57662767,2,1858.6200000000001,929.3100000000001,Repeat
57674875,2,3752.47,1876.235,Repeat
57765367,2,3262.34,1631.17,Repeat
57770044,2,1712.82,856.41,Repeat
57833505,5,9241.06,1848.212,Repeat
57892837,3,5299.0,1766.3333333333333,Repeat
57896058,1,1583.71,1583.71,New
57956497,2,4757.639999999999,2378.8199999999997,Repeat
57967753,3,8039.05,2679.6833333333334,Repeat
58085779,1,435.48,435.48,New
58111297,3,8053.83,2684.61,Repeat
58115779,2,966.15,483.075,Repeat
58152923,1,2125.71,2125.71,New
58170168,3,5654.0,1884.6666666666667,Repeat
58214883,2,2231.31,1115.655,Repeat
58415368,1,2564.44,2564.44,New
58505903,2,2073.37,1036.685,Repeat
58513300,2,2271.58,1135.79,Repeat
58631874,1,782.49,782.49,New
58644651,3,6381.86,2127.2866666666664,Repeat
58873572,1,1076.03,1076.03,New
58929595,2,3564.0,1782.0,Repeat
58942207,2,5251.36,2625.68,Repeat
58974323,2,5648.97,2824.485,Repeat
58979427,2,6215.77,3107.885,Repeat
59009727,2,4736.46,2368.23,Repeat
59094034,4,9079.13,2269.7825,Repeat
59095971,1,4650.66,4650.66,New
59110513,4,10685.57,2671.3925,Repeat
59141605,3,948.6700000000001,316.22333333333336,Repeat
59197894,1,723.44,723.44,New
59207798,2,5040.84,2520.42,Repeat
59216664,2,5123.139999999999,2561.5699999999997,Repeat
59222551,1,3655.01,3655.01,New
59240916,2,6671.09,3335.545,Repeat
59252433,4,7848.87,1962.2175,Repeat
59323931,1,698.04,698.04,New
59329145,4,14225.1,3556.275,Repeat
59345983,1,674.39,674.39,New
59353207,2,1909.75,954.875,Repeat
59398136,4,10547.220000000001,2636.8050000000003,Repeat
59427862,1,1036.64,1036.64,New
59436131,4,9359.23,2339.8075,Repeat
59485034,2,9503.810000000001,4751.905000000001,Repeat
59517074,1,3075.26,3075.26,New
59518795,3,4678.36,1559.4533333333331,Repeat
59545278,3,3392.63,1130.8766666666668,Repeat
59619739,1,1657.57,1657.57,New
59620534,4,9923.01,2480.7525,Repeat
59643062,1,3566.13,3566.13,New
59677346,2,4194.46,2097.23,Repeat
59769142,2,3362.38,1681.19,Repeat
59815512,2,6177.29,3088.645,Repeat
59830126,1,2656.43,2656.43,New
59840071,2,5789.88,2894.94,Repeat
59890331,3,13128.75,4376.25,Repeat
59909004,1,1620.95,1620.95,New
59930550,1,645.44,645.44,New
60049160,2,767.08,383.54,Repeat
60062501,2,7537.04,3768.52,Repeat
60210778,1,1439.58,1439.58,New
60275891,1,3494.17,3494.17,New
60300263,2,6064.709999999999,3032.3549999999996,Repeat
60319216,2,6140.18,3070.09,Repeat
60371334,2,5164.37,2582.185,Repeat
60379302,2,5492.92,2746.46,Repeat
60385293,3,8115.98,2705.3266666666664,Repeat
60399360,2,3447.12,1723.56,Repeat
60446619,2,4460.76,2230.38,Repeat
60495351,3,4785.81,1595.2700000000002,Repeat
60561655,2,6304.11,3152.055,Repeat
60565603,2,1006.19,503.095,Repeat
60591625,1,906.54,906.54,New
60620291,2,4101.55,2050.775,Repeat
60656482,3,4095.76,1365.2533333333333,Repeat
60698094,3,7814.4400000000005,2604.8133333333335,Repeat
60700850,2,3452.5,1726.25,Repeat
60728956,1,1525.5,1525.5,New
60732869,3,6090.19,2030.0633333333333,Repeat
60757351,3,6288.889999999999,2096.2966666666666,Repeat
60834500,2,4441.56,2220.78,Repeat
60904312,3,7823.4,2607.7999999999997,Repeat
60967677,3,10785.9,3595.2999999999997,Repeat
60974181,1,160.07,160.07,New
61002154,1,3081.38,3081.38,New
61015113,2,2261.55,1130.775,Repeat
61024977,1,1705.98,1705.98,New
61121421,3,5801.36,1933.7866666666666,Repeat
61182897,1,3752.62,3752.62,New
61226563,5,16256.419999999998,3251.2839999999997,Repeat
61226835,1,806.56,806.56,New
61320989,4,10461.97,2615.4925,Repeat
61406908,1,4492.32,4492.32,New
61516967,3,8423.96,2807.986666666666,Repeat
61522288,2,2502.84,1251.42,Repeat
61618079,6,9178.45,1529.7416666666668,Repeat
61753272,6,14538.67,2423.1116666666667,Repeat
61763552,4,10949.41,2737.3525,Repeat
61851054,2,4015.51,2007.755,Repeat
61877649,3,7502.389999999999,2500.7966666666666,Repeat
61982521,5,10978.46,2195.692,Repeat
62068277,3,7448.25,2482.75,Repeat
62243869,4,7159.55,1789.8875,Repeat
62323608,4,7286.99,1821.7475,Repeat
62416456,3,7033.82,2344.6066666666666,Repeat
62419778,1,1777.65,1777.65,New
62510499,2,5077.45,2538.725,Repeat
62526567,3,6032.47,2010.8233333333335,Repeat
62526813,1,2241.22,2241.22,New
62541176,1,1343.84,1343.84,New
62600289,4,10054.71,2513.6775,Repeat
62629494,3,4776.84,1592.28,Repeat
62679120,3,10117.15,3372.383333333333,Repeat
62742797,1,3673.81,3673.81,New
62807542,2,2916.54,1458.27,Repeat
62816600,1,3536.35,3536.35,New
62828341,1,1826.22,1826.22,New
62868582,1,2537.11,2537.11,New
62917794,2,2624.2799999999997,1312.1399999999999,Repeat
62971413,2,3390.27,1695.135,Repeat
63025744,1,477.12,477.12,New
63060947,1,3069.98,3069.98,New
63083547,2,1624.6,812.3,Repeat
63092485,1,2457.47,2457.47,New
63184222,1,2232.82,2232.82,New
63217390,1,1634.92,1634.92,New
63238941,4,10041.33,2510.3325,Repeat
63262519,4,7536.75,1884.1875,Repeat
63292875,1,1491.21,1491.21,New
63310076,5,16014.38,3202.8759999999997,Repeat
63339001,3,4555.17,1518.39,Repeat
63349378,1,616.62,616.62,New
63360864,5,12957.21,2591.442,Repeat
63368244,4,12258.4,3064.6,Repeat
63376126,1,1592.28,1592.28,New
63402854,2,1620.52,810.26,Repeat
63451391,1,3934.29,3934.29,New
63571453,3,4525.16,1508.3866666666665,Repeat
63624332,1,3588.19,3588.19,New
63630649,2,4926.34,2463.17,Repeat
63793401,3,5836.5599999999995,1945.5199999999998,Repeat
63802820,4,9875.470000000001,2468.8675000000003,Repeat
63858550,2,2467.0600000000004,1233.5300000000002,Repeat
63870636,1,3988.77,3988.77,New
63948546,3,6847.8,2282.6,Repeat
63971358,3,5982.360000000001,1994.1200000000001,Repeat
64017365,1,4138.27,4138.27,New
64106072,1,281.73,281.73,New
64141971,5,12516.49,2503.298,Repeat
64151769,2,4440.4,2220.2,Repeat
64162093,3,6292.4400000000005,2097.48,Repeat
64197854,3,8870.73,2956.91,Repeat
64298209,1,4074.16,4074.16,New
64316806,3,2217.9,739.3000000000001,Repeat
64403005,1,3112.28,3112.28,New
64489709,1,786.02,786.02,New
64497538,4,10276.97,2569.2425,Repeat
64535602,3,6909.34,2303.1133333333332,Repeat
64562786,4,12728.96,3182.24,Repeat
64722323,1,3606.37,3606.37,New
64748953,1,3157.47,3157.47,New
64795608,3,8626.23,2875.41,Repeat
64823226,1,2704.64,2704.64,New
64846124,1,918.45,918.45,New
64906311,1,2890.11,2890.11,New
64932019,2,5715.63,2857.815,Repeat
64940409,3,6658.51,2219.5033333333336,Repeat
65121696,1,4549.72,4549.72,New
65134271,3,4895.68,1631.8933333333334,Repeat
65221572,1,2319.65,2319.65,New
65294340,3,7535.4800000000005,2511.826666666667,Repeat
65368179,1,976.55,976.55,New
65396354,1,166.42,166.42,New
65406127,3,5464.79,1821.5966666666666,Repeat
65426878,2,8699.3,4349.65,Repeat
65488134,5,14019.67,2803.934,Repeat
65514005,6,11736.28,1956.0466666666669,Repeat
65543312,1,1438.16,1438.16,New
65559853,2,7569.92,3784.96,Repeat
65570302,3,5484.88,1828.2933333333333,Repeat
65618148,2,4899.09,2449.545,Repeat
65660660,2,3677.6000000000004,1838.8000000000002,Repeat
65772743,1,3268.84,3268.84,New
65782437,1,1042.86,1042.86,New
65815155,5,12078.0,2415.6,Repeat
65895091,3,6834.72,2278.2400000000002,Repeat
65903057,3,7172.59,2390.8633333333332,Repeat
65963876,2,7538.68,3769.34,Repeat
66023110,3,9023.220000000001,3007.7400000000002,Repeat
66130660,2,2736.0,1368.0,Repeat
66135710,3,5757.45,1919.1499999999999,Repeat
66140659,1,3268.53,3268.53,New
66233704,1,223.27,223.27,New
66252737,1,2382.03,2382.03,New
66269844,2,2256.9700000000003,1128.4850000000001,Repeat
66310963,5,13237.19,2647.438,Repeat
66354642,2,6306.860000000001,3153.4300000000003,Repeat
66359719,2,4019.24,2009.62,Repeat
66427343,2,3001.96,1500.98,Repeat
66440188,1,1019.38,1019.38,New
66485571,3,7626.970000000001,2542.3233333333337,Repeat
66499992,2,3003.04,1501.52,Repeat
66629497,1,1015.2,1015.2,New
66655397,5,10017.650000000001,2003.5300000000002,Repeat
66710182,1,2094.62,2094.62,New
66742602,4,10317.86,2579.465,Repeat
66761643,2,4193.389999999999,2096.6949999999997,Repeat
66766629,3,7452.889999999999,2484.2966666666666,Repeat
66768157,3,7396.04,2465.346666666667,Repeat
66866026,1,2189.02,2189.02,New
66886852,2,3804.67,1902.335,Repeat
66932104,4,5446.35,1361.5875,Repeat
66943324,4,8707.36,2176.84,Repeat
67046342,1,932.79,932.79,New
67092149,5,17572.43,3514.486,Repeat
67215939,4,14771.59,3692.8975,Repeat
67271824,1,1619.89,1619.89,New
67277562,3,5089.88,1696.6266666666668,Repeat
67302239,1,4912.61,4912.61,New
67310893,3,6131.85,2043.95,Repeat
67340606,3,7314.89,2438.2966666666666,Repeat
67383024,2,5385.49,2692.745,Repeat
67386193,5,6392.8099999999995,1278.562,Repeat
67465084,2,2377.08,1188.54,Repeat
67528368,1,1031.19,1031.19,New
67538982,5,10026.4,2005.28,Repeat
67696145,3,8549.130000000001,2849.7100000000005,Repeat
67701771,1,1488.19,1488.19,New
67708491,6,10524.45,1754.075,Repeat
67711384,2,9392.39,4696.195,Repeat
67729191,5,8890.43,1778.086,Repeat
67749649,1,3778.41,3778.41,New
67829645,2,4523.28,2261.64,Repeat
67896836,1,1080.49,1080.49,New
67908555,4,11387.84,2846.96,Repeat
67918495,4,5239.79,1309.9475,Repeat
67952740,4,4954.51,1238.6275,Repeat
68016312,3,3320.6499999999996,1106.8833333333332,Repeat
68063317,2,995.77,497.885,Repeat
68159723,4,15434.41,3858.6025,Repeat
68219091,3,6069.78,2023.26,Repeat
68307253,1,763.12,763.12,New
68341636,3,9830.44,3276.8133333333335,Repeat
68419593,2,4680.06,2340.03,Repeat
68475914,2,3005.25,1502.625,Repeat
68486301,2,5311.6900000000005,2655.8450000000003,Repeat
68661619,2,6259.3,3129.65,Repeat
68692574,2,5627.030000000001,2813.5150000000003,Repeat
68703613,5,13135.67,2627.134,Repeat
68714053,2,2309.02,1154.51,Repeat
68906393,1,2200.67,2200.67,New
68939350,1,1793.45,1793.45,New
68941950,5,11913.11,2382.6220000000003,Repeat
68965787,5,11425.64,2285.1279999999997,Repeat
68985290,2,3652.08,1826.04,Repeat
69034027,1,832.06,832.06,New
69088723,1,1914.81,1914.81,New
69219122,2,4952.41,2476.205,Repeat
69240186,3,5122.46,1707.4866666666667,Repeat
69242672,2,6311.469999999999,3155.7349999999997,Repeat
69276352,2,1097.76,548.88,Repeat
69339331,1,4099.53,4099.53,New
69340015,2,1174.8600000000001,587.4300000000001,Repeat
69353754,1,841.61,841.61,New
69364309,2,6956.0,3478.0,Repeat
69415494,2,4307.38,2153.69,Repeat
69416782,2,3755.49,1877.745,Repeat
69516494,3,7099.84,2366.6133333333332,Repeat
69632084,2,4657.2699999999995,2328.6349999999998,Repeat
69749541,1,930.92,930.92,New
69761993,3,8021.99,2673.9966666666664,Repeat
69762479,1,3373.0,3373.0,New
69863493,5,15492.15,3098.43,Repeat
69908484,3,6797.2,2265.733333333333,Repeat
69925688,4,8882.31,2220.5775,Repeat
70084516,1,2662.16,2662.16,New
70168151,2,7994.02,3997.01,Repeat
70170606,1,2054.08,2054.08,New
70220141,3,2365.17,788.39,Repeat
70221073,1,1358.19,1358.19,New
70230254,2,4482.96,2241.48,Repeat
70243933,1,3559.69,3559.69,New
70363568,4,6582.62,1645.655,Repeat
70372270,3,6642.6,2214.2000000000003,Repeat
70391758,1,1917.36,1917.36,New
70420271,1,22.14,22.14,New
70459847,2,5761.030000000001,2880.5150000000003,Repeat
70529459,3,5952.62,1984.2066666666667,Repeat
70543108,2,4648.37,2324.185,Repeat
70589930,3,5706.73,1902.243333333333,Repeat
70608515,2,6801.099999999999,3400.5499999999997,Repeat
70615775,2,2701.65,1350.825,Repeat
70798876,2,4380.4400000000005,2190.2200000000003,Repeat
70867736,3,4243.030000000001,1414.3433333333335,Repeat
70965437,1,5253.79,5253.79,New
70966268,1,1854.55,1854.55,New
70976153,3,6204.650000000001,2068.2166666666667,Repeat
71176678,1,397.68,397.68,New
71189232,2,5030.25,2515.125,Repeat
71229024,2,3457.68,1728.84,Repeat
71235336,1,3561.22,3561.22,New
71252391,5,10725.14,2145.028,Repeat
71276926,1,2163.69,2163.69,New
71321741,2,2959.75,1479.875,Repeat
71411879,1,426.72,426.72,New
71607166,2,3816.4300000000003,1908.2150000000001,Repeat
71615827,2,3004.04,1502.02,Repeat
71643758,2,8871.59,4435.795,Repeat
71694275,3,10365.77,3455.2566666666667,Repeat
71755645,1,3494.41,3494.41,New
71767248,1,1324.37,1324.37,New
71902700,4,5110.16,1277.54,Repeat
71905368,2,3753.5499999999997,1876.7749999999999,Repeat
71956734,2,5158.580000000001,2579.2900000000004,Repeat
72089140,3,8937.7,2979.2333333333336,Repeat
72132838,2,5931.5,2965.75,Repeat
72164737,1,4216.31,4216.31,New
72263318,2,3494.55,1747.275,Repeat
72359843,1,367.08,367.08,New
72366758,4,4550.91,1137.7275,Repeat
72415263,2,6571.18,3285.59,Repeat
72489544,3,7261.15,2420.383333333333,Repeat
72495274,1,2656.18,2656.18,New
72564495,1,1969.21,1969.21,New
72576730,2,2865.75,1432.875,Repeat
72605638,3,3444.55,1148.1833333333334,Repeat
72667140,1,5768.29,5768.29,New
72675976,1,831.43,831.43,New
72702075,1,1388.01,1388.01,New
72797175,1,1073.16,1073.16,New
72857290,2,2464.31,1232.155,Repeat
72889295,3,6012.14,2004.0466666666669,Repeat
72942753,1,3679.63,3679.63,New
72946405,3,5012.67,1670.89,Repeat
73061709,2,3768.99,1884.495,Repeat
73098723,1,90.56,90.56,New
73363613,4,4434.17,1108.5425,Repeat
73377004,4,8046.47,2011.6175,Repeat
73392739,3,11129.71,3709.903333333333,Repeat
73393269,4,6583.01,1645.7525,Repeat
73428596,2,5981.1,2990.55,Repeat
73586244,1,1266.44,1266.44,New
73639935,2,5174.69,2587.345,Repeat
73660582,3,6049.54,2016.5133333333333,Repeat
73661993,2,1715.1000000000001,857.5500000000001,Repeat
73679086,1,197.39,197.39,New
73735548,1,2117.45,2117.45,New
73799927,4,9901.48,2475.37,Repeat
73807097,1,724.84,724.84,New
73869823,3,6344.320000000001,2114.7733333333335,Repeat
73891999,1,626.67,626.67,New
73933840,1,3936.23,3936.23,New
74038361,2,7563.71,3781.855,Repeat
74172010,3,8787.67,2929.2233333333334,Repeat
74174956,3,5076.7699999999995,1692.2566666666664,Repeat
74179536,4,7290.41,1822.6025,Repeat
74195536,1,2120.77,2120.77,New
74212242,3,4207.53,1402.51,Repeat
74230420,3,7015.4800000000005,2338.4933333333333,Repeat
74231111,2,4488.46,2244.23,Repeat
74313592,3,9248.8,3082.933333333333,Repeat
74515162,1,1394.47,1394.47,New
74548003,1,212.14,212.14,New
74572121,1,2840.82,2840.82,New
74682740,4,9062.53,2265.6325,Repeat
74694186,2,6031.59,3015.795,Repeat
74735607,2,6595.360000000001,3297.6800000000003,Repeat
74761384,2,2905.6000000000004,1452.8000000000002,Repeat
74762653,1,3473.22,3473.22,New
74833221,1,2926.98,2926.98,New
74840437,1,2939.42,2939.42,New
75028268,1,340.36,340.36,New
75038062,2,5740.73,2870.365,Repeat
75081265,2,3990.34,1995.17,Repeat
75082508,3,7484.4400000000005,2494.8133333333335,Repeat
75213636,7,10038.08,1434.0114285714285,Repeat
75244116,5,16182.09,3236.418,Repeat
75289676,2,6811.13,3405.565,Repeat
75464725,2,5185.299999999999,2592.6499999999996,Repeat
75467328,1,3963.84,3963.84,New
75474920,2,4173.9400000000005,2086.9700000000003,Repeat
75490147,2,2460.89,1230.445,Repeat
75510747,4,8225.65,2056.4125,Repeat
75566105,2,2725.29,1362.645,Repeat
75632045,2,7000.73,3500.365,Repeat
75640174,2,5191.6900000000005,2595.8450000000003,Repeat
75674671,2,6774.51,3387.255,Repeat
75739462,5,8262.1,1652.42,Repeat
75752515,2,9433.029999999999,4716.514999999999,Repeat
75828735,1,5094.56,5094.56,New
75836905,3,4070.87,1356.9566666666667,Repeat
75860724,2,2004.67,1002.335,Repeat
75892474,2,4375.78,2187.89,Repeat
75913572,3,5884.610000000001,1961.5366666666669,Repeat
75928073,4,10030.96,2507.74,Repeat
75944533,1,316.02,316.02,New
75984768,2,6692.84,3346.42,Repeat
76008165,1,1474.48,1474.48,New
76019750,1,4495.56,4495.56,New
76020843,2,6230.75,3115.375,Repeat
76202036,1,284.69,284.69,New
76212152,3,6529.35,2176.4500000000003,Repeat
76218218,2,6760.48,3380.24,Repeat
76327561,4,7688.85,1922.2125,Repeat
76359458,3,4355.55,1451.8500000000001,Repeat
76377003,1,227.22,227.22,New
76438648,1,2556.83,2556.83,New
76441843,1,1813.08,1813.08,New
76512976,2,2790.73,1395.365,Repeat
76533277,2,5322.21,2661.105,Repeat
76604145,1,2541.96,2541.96,New
76830090,1,242.57,242.57,New
76850859,4,7952.71,1988.1775,Repeat
76857266,2,7768.93,3884.465,Repeat
76864442,1,2866.57,2866.57,New
76917159,5,12795.12,2559.0240000000003,Repeat
76925460,1,4636.88,4636.88,New
76970363,3,3330.82,1110.2733333333333,Repeat
76971644,4,9528.63,2382.1575,Repeat
76987910,2,6884.35,3442.175,Repeat
77007315,4,6689.49,1672.3725,Repeat
77015367,2,2422.17,1211.085,Repeat
77035814,4,10079.15,2519.7875,Repeat
77085443,2,4509.45,2254.725,Repeat
77086074,1,707.67,707.67,New
77086539,3,8916.130000000001,2972.0433333333335,Repeat
77128325,2,7604.83,3802.415,Repeat
77161976,1,3784.91,3784.91,New
77214094,3,8544.31,2848.103333333333,Repeat
77217240,1,983.79,983.79,New
77220027,1,874.78,874.78,New
77306672,1,443.69,443.69,New
77320193,1,852.02,852.02,New
77345018,2,2912.42,1456.21,Repeat
77397957,3,8490.17,2830.056666666667,Repeat
77559557,2,5400.48,2700.24,Repeat
77614510,4,7752.23,1938.0575,Repeat
77618011,1,2593.91,2593.91,New
77625089,1,3442.8,3442.8,New
77661491,1,483.05,483.05,New
77673290,2,5170.8,2585.4,Repeat
77768189,2,9231.61,4615.805,Repeat
77811864,4,7042.49,1760.6225,Repeat
77862447,3,3637.69,1212.5633333333333,Repeat
77869660,9,19052.940000000002,2116.993333333334,Repeat
77921718,2,5060.58,2530.29,Repeat
77961205,3,4216.38,1405.46,Repeat
78014505,1,2926.42,2926.42,New
78053306,1,646.54,646.54,New
78157360,3,2739.7000000000003,913.2333333333335,Repeat
78158536,1,3096.42,3096.42,New
78209683,1,3051.04,3051.04,New
78254569,2,4565.67,2282.835,Repeat
78267238,2,4536.860000000001,2268.4300000000003,Repeat
78394303,3,8364.64,2788.213333333333,Repeat
78412820,2,3132.3,1566.15,Repeat
78439088,1,1831.85,1831.85,New
78614729,2,3429.65,1714.825,Repeat
78678612,3,6559.789999999999,2186.5966666666664,Repeat
78725001,4,5809.219999999999,1452.3049999999998,Repeat
78732957,2,5056.41,2528.205,Repeat
78748184,2,4830.63,2415.315,Repeat
78750264,1,461.74,461.74,New
78806824,3,7953.18,2651.06,Repeat
78841932,2,5366.28,2683.14,Repeat
78847070,1,3774.14,3774.14,New
78903046,2,7173.030000000001,3586.5150000000003,Repeat
78961097,1,4040.38,4040.38,New
79076101,1,4331.6,4331.6,New
79135318,3,8890.55,2963.5166666666664,Repeat
79169760,2,3330.58,1665.29,Repeat
79206969,5,13883.22,2776.644,Repeat
79257353,2,3382.14,1691.07,Repeat
79298972,2,2717.17,1358.585,Repeat
79369660,2,5410.93,2705.465,Repeat
79478655,4,8964.96,2241.24,Repeat
79591237,3,4656.52,1552.1733333333334,Repeat
79592021,4,8719.43,2179.8575,Repeat
79628054,3,4176.3099999999995,1392.1033333333332,Repeat
79630614,2,1742.3899999999999,871.1949999999999,Repeat
79672044,3,7650.41,2550.1366666666668,Repeat
79695653,2,3950.49,1975.245,Repeat
79726146,1,3415.39,3415.39,New
79742293,2,3011.95,1505.975,Repeat
79764458,5,11461.75,2292.35,Repeat
79773912,2,3390.1600000000003,1695.0800000000002,Repeat
79789048,1,3759.65,3759.65,New
79895967,4,10120.36,2530.09,Repeat
79916464,4,8332.82,2083.205,Repeat
79919160,2,5207.33,2603.665,Repeat
79942821,1,1746.31,1746.31,New
79960955,2,4787.32,2393.66,Repeat
79991320,3,6538.6900000000005,2179.5633333333335,Repeat
80269328,1,1382.07,1382.07,New
80286283,2,4514.09,2257.045,Repeat
80315623,2,5371.2300000000005,2685.6150000000002,Repeat
80371626,2,4113.349999999999,2056.6749999999997,Repeat
80476444,1,2634.39,2634.39,New
80499378,1,825.46,825.46,New
80517784,6,15153.25,2525.5416666666665,Repeat
80571942,6,13128.33,2188.055,Repeat
80696046,3,6615.46,2205.153333333333,Repeat
80759416,1,3299.24,3299.24,New
80761521,3,5172.2,1724.0666666666666,Repeat
80796977,2,7259.15,3629.575,Repeat
80800079,2,2390.05,1195.025,Repeat
80833965,2,6037.74,3018.87,Repeat
80850753,2,5894.4400000000005,2947.2200000000003,Repeat
80858127,1,3393.32,3393.32,New
80862136,4,6790.79,1697.6975,Repeat
80875034,3,4948.35,1649.45,Repeat
80935110,3,5365.01,1788.3366666666668,Repeat
80952275,1,1385.54,1385.54,New
80954112,1,3748.84,3748.84,New
81046421,1,1114.77,1114.77,New
81088747,2,2228.58,1114.29,Repeat
81091233,2,3354.94,1677.47,Repeat
81102955,1,374.68,374.68,New
81136091,1,4759.44,4759.44,New
81160474,1,839.84,839.84,New
81174361,1,2474.23,2474.23,New
81183415,2,5851.19,2925.595,Repeat
81200164,2,5153.05,2576.525,Repeat
81229704,1,445.48,445.48,New
81337068,3,8849.37,2949.7900000000004,Repeat
81346291,2,1779.77,889.885,Repeat
81352781,1,2638.38,2638.38,New
81373608,1,3335.13,3335.13,New
81377917,1,2699.14,2699.14,New
81382213,2,5993.450000000001,2996.7250000000004,Repeat
81420960,3,7825.91,2608.6366666666668,Repeat
81462774,1,972.69,972.69,New
81500385,2,3182.15,1591.075,Repeat
81528623,2,1810.0300000000002,905.0150000000001,Repeat
81533356,3,7608.23,2536.0766666666664,Repeat
81541985,4,10323.7,2580.925,Repeat
81584486,2,3857.61,1928.805,Repeat
81605722,3,2006.29,668.7633333333333,Repeat
81655250,1,2392.8,2392.8,New
81757554,4,12026.39,3006.5975,Repeat
81763298,2,4453.99,2226.995,Repeat
81808190,4,12293.66,3073.415,Repeat
81822494,3,8589.01,2863.0033333333336,Repeat
81822935,5,12947.67,2589.534,Repeat
81906973,3,10874.7,3624.9,Repeat
81932548,2,5499.3,2749.65,Repeat
81940369,2,7271.49,3635.745,Repeat
81994445,2,3151.04,1575.52,Repeat
82032191,1,1865.04,1865.04,New
82160592,1,940.44,940.44,New
82169898,3,6417.42,2139.14,Repeat
82179338,3,8306.380000000001,2768.7933333333335,Repeat
82286725,4,9959.55,2489.8875,Repeat
82322028,1,2930.91,2930.91,New
82359623,5,12038.57,2407.714,Repeat
82374625,2,1911.23,955.615,Repeat
82425179,3,8774.65,2924.883333333333,Repeat
82529927,3,6807.77,2269.2566666666667,Repeat
82585664,3,8033.860000000001,2677.9533333333334,Repeat
82594354,4,11301.69,2825.4225,Repeat
82700270,1,848.94,848.94,New
82708090,1,1354.27,1354.27,New
82770142,1,1195.03,1195.03,New
82804543,2,4716.83,2358.415,Repeat
82854537,3,6982.21,2327.403333333333,Repeat
82898985,1,4768.12,4768.12,New
82900175,2,4987.3,2493.65,Repeat
82918668,2,3677.25,1838.625,Repeat
82948843,2,8818.02,4409.01,Repeat
82989313,3,7429.41,2476.47,Repeat
83023956,2,5721.23,2860.615,Repeat
83034412,1,48.55,48.55,New
83039559,2,1421.71,710.855,Repeat
83058329,1,275.03,275.03,New
83155219,1,654.31,654.31,New
83236183,3,9700.18,3233.3933333333334,Repeat
83262890,2,4127.02,2063.51,Repeat
83298567,3,4266.13,1422.0433333333333,Repeat
83304462,2,2525.7,1262.85,Repeat
83304571,4,4343.91,1085.9775,Repeat
83348353,1,1535.36,1535.36,New
83404008,2,5523.96,2761.98,Repeat
83412446,3,5811.28,1937.0933333333332,Repeat
83577942,4,6661.48,1665.37,Repeat
83588803,1,3207.16,3207.16,New
83597876,2,2948.37,1474.185,Repeat
83610315,1,2282.13,2282.13,New
83660688,4,11810.51,2952.6275,Repeat
83701325,4,6605.0,1651.25,Repeat
83867512,2,4940.92,2470.46,Repeat
83964902,1,2010.29,2010.29,New
84066402,5,11088.15,2217.63,Repeat
84119685,3,5930.65,1976.8833333333332,Repeat
84161531,3,6189.47,2063.1566666666668,Repeat
84257716,1,758.75,758.75,New
84275450,3,8047.32,2682.44,Repeat
84361534,2,5000.8099999999995,2500.4049999999997,Repeat
84377964,4,8321.8,2080.45,Repeat
84448310,2,5580.92,2790.46,Repeat
84456355,3,10497.34,3499.1133333333332,Repeat
84468124,5,10914.22,2182.844,Repeat
84572019,2,2904.6600000000003,1452.3300000000002,Repeat
84641682,2,4459.26,2229.63,Repeat
84824280,6,12278.92,2046.4866666666667,Repeat
84826389,1,1367.34,1367.34,New
84848018,3,5396.36,1798.7866666666666,Repeat
84850688,2,5190.18,2595.09,Repeat
84862161,2,2244.42,1122.21,Repeat
84929351,1,5473.26,5473.26,New
84937877,2,4157.1,2078.55,Repeat
84953008,5,11017.51,2203.502,Repeat
84986716,1,3196.92,3196.92,New
84993732,2,1874.66,937.33,Repeat
85006599,3,4166.34,1388.78,Repeat
85016568,1,2498.22,2498.22,New
85020453,2,4030.8,2015.4,Repeat
85072416,2,5138.66,2569.33,Repeat
85074810,5,5713.9400000000005,1142.788,Repeat
85088479,1,1819.74,1819.74,New
85177880,1,3340.2,3340.2,New
85198177,4,11660.189999999999,2915.0474999999997,Repeat
85218071,2,5135.92,2567.96,Repeat
85233498,1,3723.26,3723.26,New
85340038,2,6975.139999999999,3487.5699999999997,Repeat
85354059,4,6598.97,1649.7425,Repeat
85435560,1,5814.13,5814.13,New
85474732,1,2389.83,2389.83,New
85476508,1,3410.49,3410.49,New
85490177,1,1549.44,1549.44,New
85518832,5,11353.08,2270.616,Repeat
85519349,4,13501.18,3375.295,Repeat
85561151,4,5513.6900000000005,1378.4225000000001,Repeat
85626346,4,12578.72,3144.68,Repeat
85658166,2,4760.08,2380.04,Repeat
85747175,1,1705.25,1705.25,New
85763665,3,5213.63,1737.8766666666668,Repeat
85838438,1,3870.66,3870.66,New
85854265,2,2754.26,1377.13,Repeat
85869195,2,6818.72,3409.36,Repeat
85907588,3,3903.09,1301.03,Repeat
86050297,1,703.11,703.11,New
86067293,5,5624.4800000000005,1124.8960000000002,Repeat
86167288,1,1422.49,1422.49,New
86294036,1,1534.27,1534.27,New
86444757,3,9885.380000000001,3295.126666666667,Repeat
86479284,2,2658.6,1329.3,Repeat
86483673,1,1659.75,1659.75,New
86487478,2,6482.33,3241.165,Repeat
86499778,1,1047.98,1047.98,New
86636273,2,5358.63,2679.315,Repeat
86704661,2,5659.66,2829.83,Repeat
86715467,2,7238.01,3619.005,Repeat
86995126,3,4873.08,1624.36,Repeat
87059497,2,3985.79,1992.895,Repeat
87107263,2,869.25,434.625,Repeat
87160527,4,11808.91,2952.2275,Repeat
87200291,3,5502.929999999999,1834.3099999999997,Repeat
87213891,1,4110.56,4110.56,New
87220860,2,9931.9,4965.95,Repeat
87222820,1,951.43,951.43,New
87251489,3,5514.370000000001,1838.1233333333337,Repeat
87256913,1,3869.92,3869.92,New
87266309,3,8868.619999999999,2956.2066666666665,Repeat
87266831,2,2344.95,1172.475,Repeat
87335844,2,1783.92,891.96,Repeat
87444738,1,1173.0,1173.0,New
87450286,1,4969.83,4969.83,New
87457446,1,2424.07,2424.07,New
87463923,4,6281.93,1570.4825,Repeat
87641623,2,3284.0699999999997,1642.0349999999999,Repeat
87669943,2,5411.0599999999995,2705.5299999999997,Repeat
87691707,1,2930.46,2930.46,New
87718744,3,8701.64,2900.5466666666666,Repeat
87823209,2,6883.6900000000005,3441.8450000000003,Repeat
87889031,2,2992.86,1496.43,Repeat
87943214,1,3056.86,3056.86,New
87954926,2,5054.46,2527.23,Repeat
87984862,1,3214.61,3214.61,New
88045094,4,7567.34,1891.835,Repeat
88067569,3,7415.13,2471.71,Repeat
88111697,1,2646.85,2646.85,New
88130777,1,909.62,909.62,New
88167544,1,831.1,831.1,New
88202341,2,4966.29,2483.145,Repeat
88203688,3,6130.83,2043.61,Repeat
88215615,1,163.03,163.03,New
88223261,2,6216.6900000000005,3108.3450000000003,Repeat
88252625,2,4772.860000000001,2386.4300000000003,Repeat
88312515,2,6424.94,3212.47,Repeat
88324928,5,12463.84,2492.768,Repeat
88517890,2,4299.14,2149.57,Repeat
88520326,3,11380.73,3793.5766666666664,Repeat
88532418,3,6837.84,2279.28,Repeat
88553721,3,5392.450000000001,1797.4833333333336,Repeat
88684966,1,2024.16,2024.16,New
88739922,4,11293.92,2823.48,Repeat
88745052,1,1740.54,1740.54,New
88779806,1,2239.85,2239.85,New
88843865,1,2033.74,2033.74,New
88866835,4,11203.08,2800.77,Repeat
88923048,3,5937.36,1979.12,Repeat
88965399,1,1756.7,1756.7,New
89036169,3,6247.16,2082.3866666666668,Repeat
89051578,1,475.04,475.04,New
89142848,1,2075.02,2075.02,New
89223620,1,4144.84,4144.84,New
89361574,2,4243.92,2121.96,Repeat
89412038,1,3755.33,3755.33,New
89418072,1,968.65,968.65,New
89472859,1,2144.77,2144.77,New
89476734,2,8610.54,4305.27,Repeat
89523804,1,1731.34,1731.34,New
89531595,4,8439.48,2109.87,Repeat
89617089,3,8399.92,2799.9733333333334,Repeat
89619421,3,6016.01,2005.3366666666668,Repeat
89669139,4,10417.59,2604.3975,Repeat
89699655,3,8178.42,2726.14,Repeat
89704218,2,5326.709999999999,2663.3549999999996,Repeat
89784343,2,4857.52,2428.76,Repeat
89811984,1,263.7,263.7,New
89867195,1,3494.42,3494.42,New
89874335,1,2976.93,2976.93,New
89886179,2,4658.05,2329.025,Repeat
89910157,5,12115.11,2423.022,Repeat
89950235,1,1827.9,1827.9,New
89968482,4,12611.17,3152.7925,Repeat
89986926,3,7075.09,2358.3633333333332,Repeat
89995124,2,3944.3500000000004,1972.1750000000002,Repeat
89998489,1,329.79,329.79,New
90021871,4,6910.14,1727.535,Repeat
90038364,2,4724.99,2362.495,Repeat
90144978,1,1927.44,1927.44,New
90150193,4,8519.08,2129.77,Repeat
90184276,3,8250.97,2750.3233333333333,Repeat
90246977,4,9465.56,2366.39,Repeat
90298394,3,3074.34,1024.78,Repeat
90299101,1,2238.94,2238.94,New
90346920,4,13396.39,3349.0975,Repeat
90372221,2,2861.57,1430.785,Repeat
90448312,6,9076.470000000001,1512.7450000000001,Repeat
90586029,2,6598.66,3299.33,Repeat
90586443,2,3199.2799999999997,1599.6399999999999,Repeat
90621147,3,3383.3599999999997,1127.7866666666666,Repeat
90647204,1,589.61,589.61,New
90649019,5,12097.74,2419.548,Repeat
90665975,5,14044.36,2808.8720000000003,Repeat
90666073,1,773.17,773.17,New
90696847,1,2841.51,2841.51,New
90743791,1,4354.3,4354.3,New
90745023,4,5235.45,1308.8625,Repeat
90753712,1,96.09,96.09,New
90856813,2,4150.25,2075.125,Repeat
90882023,1,517.77,517.77,New
90919603,3,10918.26,3639.42,Repeat
91024604,3,8281.12,2760.3733333333334,Repeat
91072336,1,1435.7,1435.7,New
91130614,2,4609.95,2304.975,Repeat
91144803,2,5736.17,2868.085,Repeat
91196901,5,18856.11,3771.222,Repeat
91228580,1,3211.74,3211.74,New
91243571,4,13322.880000000001,3330.7200000000003,Repeat
91312072,2,2802.0,1401.0,Repeat
91320466,1,826.21,826.21,New
91382237,3,5519.48,1839.8266666666666,Repeat
91384030,1,2292.56,2292.56,New
91408854,2,7570.110000000001,3785.0550000000003,Repeat
91448742,3,4051.72,1350.5733333333333,Repeat
91500615,3,10465.85,3488.616666666667,Repeat
91550885,4,8571.59,2142.8975,Repeat
91562028,4,7315.53,1828.8825,Repeat
91566278,3,5861.110000000001,1953.7033333333336,Repeat
91590001,2,3402.21,1701.105,Repeat
91602727,1,968.94,968.94,New
91614690,1,3551.54,3551.54,New
91768226,1,2783.14,2783.14,New
91789216,1,1332.79,1332.79,New
91791128,2,4039.5600000000004,2019.7800000000002,Repeat
91853589,1,1848.84,1848.84,New
91868185,2,2337.98,1168.99,Repeat
91973128,1,3536.94,3536.94,New
92027021,3,5981.78,1993.9266666666665,Repeat
92038780,2,2637.26,1318.63,Repeat
92091019,1,3117.45,3117.45,New
92098757,1,4419.96,4419.96,New
92118758,1,5067.85,5067.85,New
92123198,2,5890.389999999999,2945.1949999999997,Repeat
92209869,2,5852.25,2926.125,Repeat
92245432,4,7239.94,1809.985,Repeat
92306841,4,6295.6,1573.9,Repeat
92356639,4,11966.82,2991.705,Repeat
92404798,6,14636.48,2439.4133333333334,Repeat
92409489,3,1722.12,574.04,Repeat
92416428,3,9626.2,3208.7333333333336,Repeat
92455970,2,7090.28,3545.14,Repeat
92509376,3,3955.43,1318.4766666666667,Repeat
92583164,1,534.55,534.55,New
92604392,1,1015.0,1015.0,New
92636025,2,5155.47,2577.735,Repeat
92642745,3,11015.46,3671.8199999999997,Repeat
92843141,1,4371.79,4371.79,New
93018527,7,9521.09,1360.1557142857143,Repeat
93122847,3,5962.14,1987.38,Repeat
93127511,2,1449.97,724.985,Repeat
93198324,3,6852.52,2284.1733333333336,Repeat
93318833,2,4519.360000000001,2259.6800000000003,Repeat
93321933,3,11045.2,3681.7333333333336,Repeat
93341057,2,3914.21,1957.105,Repeat
93370787,3,4115.7,1371.8999999999999,Repeat
93458307,1,1119.19,1119.19,New
93507573,4,4930.58,1232.645,Repeat
93563435,6,16368.94,2728.1566666666668,Repeat
93617659,3,8520.34,2840.1133333333332,Repeat
93675757,4,9347.77,2336.9425,Repeat
93699264,3,6633.19,2211.063333333333,Repeat
93723634,3,6653.1900000000005,2217.73,Repeat
93730857,2,3657.72,1828.86,Repeat
93735495,1,3373.41,3373.41,New
93826036,1,5271.36,5271.36,New
93867669,1,3235.64,3235.64,New
93924203,6,15737.29,2622.8816666666667,Repeat
93937586,1,2790.84,2790.84,New
93938425,4,11653.58,2913.395,Repeat
94033330,4,3772.4500000000003,943.1125000000001,Repeat
94078407,1,2410.88,2410.88,New
94137242,2,3856.72,1928.36,Repeat
94165062,1,2931.44,2931.44,New
94179692,1,2638.02,2638.02,New
94281220,2,1417.7,708.85,Repeat
94404245,1,1498.34,1498.34,New
94430842,1,2163.71,2163.71,New
94453274,2,4051.8199999999997,2025.9099999999999,Repeat
94486311,2,4730.42,2365.21,Repeat
94529626,3,11740.27,3913.4233333333336,Repeat
94552818,1,361.98,361.98,New
94706375,1,2600.22,2600.22,New
94713625,2,7234.43,3617.215,Repeat
94730288,3,4481.320000000001,1493.7733333333335,Repeat
94854830,1,5351.42,5351.42,New
95001589,2,2341.15,1170.575,Repeat
95018817,2,3567.98,1783.99,Repeat
95269737,1,4731.51,4731.51,New
95309983,2,4944.1,2472.05,Repeat
95334407,2,4891.389999999999,2445.6949999999997,Repeat
95364457,4,8512.87,2128.2175,Repeat
95371787,2,5188.52,2594.26,Repeat
95372766,3,7087.63,2362.5433333333335,Repeat
95382317,1,2857.54,2857.54,New
95428692,2,3395.29,1697.645,Repeat
95558510,1,778.27,778.27,New
95590889,1,3658.91,3658.91,New
95594611,1,2490.28,2490.28,New
95736310,1,3597.75,3597.75,New
95768401,2,2731.0,1365.5,Repeat
95858939,2,2828.6000000000004,1414.3000000000002,Repeat
95873651,3,7395.04,2465.0133333333333,Repeat
95912198,3,6537.72,2179.2400000000002,Repeat
95971469,5,13230.68,2646.136,Repeat
96001315,2,4854.24,2427.12,Repeat
96009692,2,7219.48,3609.74,Repeat
96042320,1,2846.85,2846.85,New
96109948,3,7406.33,2468.7766666666666,Repeat
96149069,1,3628.23,3628.23,New
96171594,1,1513.03,1513.03,New
96253172,4,8816.25,2204.0625,Repeat
96373206,2,6945.68,3472.84,Repeat
96461062,1,4125.04,4125.04,New
96511007,3,7157.36,2385.7866666666664,Repeat
96628029,2,2265.42,1132.71,Repeat
96629034,2,4508.26,2254.13,Repeat
96629258,3,6915.79,2305.2633333333333,Repeat
96640716,2,2486.73,1243.365,Repeat
96795047,3,9432.24,3144.08,Repeat
96806748,2,4263.64,2131.82,Repeat
96853930,3,8211.4,2737.133333333333,Repeat
96903782,4,11023.74,2755.935,Repeat
96989204,4,9167.7,2291.925,Repeat
97033691,3,5896.33,1965.4433333333334,Repeat
97111069,4,7476.77,1869.1925,Repeat
97111119,1,50.12,50.12,New
97141762,2,4010.74,2005.37,Repeat
97144544,1,2679.81,2679.81,New
97150234,2,5370.55,2685.275,Repeat
97174235,1,255.35,255.35,New
97185284,2,4672.5,2336.25,Repeat
97191387,1,4917.07,4917.07,New
97259564,2,3300.74,1650.37,Repeat
97277696,1,933.3,933.3,New
97286925,2,4947.96,2473.98,Repeat
97315135,2,3623.08,1811.54,Repeat
97388817,1,39.65,39.65,New
97411107,3,5530.05,1843.3500000000001,Repeat
97419742,2,8529.91,4264.955,Repeat
97466783,3,8107.49,2702.4966666666664,Repeat
97475543,4,12315.91,3078.9775,Repeat
97484394,1,1662.15,1662.15,New
97492493,3,9129.98,3043.3266666666664,Repeat
97507853,2,3872.8199999999997,1936.4099999999999,Repeat
97509888,1,735.43,735.43,New
97557157,3,4972.93,1657.6433333333334,Repeat
97664747,3,9354.3,3118.1,Repeat
97678578,4,13668.16,3417.04,Repeat
97739583,1,340.66,340.66,New
97770901,3,5937.81,1979.2700000000002,Repeat
97825663,5,13192.880000000001,2638.576,Repeat
97873848,3,5926.42,1975.4733333333334,Repeat
97928541,1,2983.11,2983.11,New
97928781,2,4554.96,2277.48,Repeat
98088303,5,11759.59,2351.918,Repeat
98144693,1,2657.2,2657.2,New
98152679,2,2905.3799999999997,1452.6899999999998,Repeat
98211325,2,5208.780000000001,2604.3900000000003,Repeat
98218863,2,7271.0,3635.5,Repeat
98225598,5,11683.539999999999,2336.7079999999996,Repeat
98241853,1,959.01,959.01,New
98246574,3,7413.13,2471.0433333333335,Repeat
98307019,3,10541.33,3513.7766666666666,Repeat
98444183,6,13120.92,2186.82,Repeat
98540377,4,6201.77,1550.4425,Repeat
98625898,2,3207.97,1603.985,Repeat
98687927,3,7872.67,2624.2233333333334,Repeat
98691989,2,3075.4300000000003,1537.7150000000001,Repeat
98709982,2,5420.7,2710.35,Repeat
98858383,3,8747.720000000001,2915.906666666667,Repeat
98896871,2,2741.93,1370.965,Repeat
98930670,1,1214.68,1214.68,New
99156138,1,4116.32,4116.32,New
99160348,2,5004.36,2502.18,Repeat
99231937,3,6129.04,2043.0133333333333,Repeat
99301505,3,6513.01,2171.0033333333336,Repeat
99361865,3,7861.59,2620.53,Repeat
99406165,2,2152.71,1076.355,Repeat
99412119,1,2721.96,2721.96,New
99490786,2,5019.02,2509.51,Repeat
99594960,1,1763.79,1763.79,New
99627097,2,1856.69,928.345,Repeat
99695529,3,12764.73,4254.91,Repeat
99707100,3,9713.18,3237.726666666667,Repeat
99714944,3,3576.8599999999997,1192.2866666666666,Repeat
99729547,3,6406.26,2135.42,Repeat
99734256,3,8571.89,2857.2966666666666,Repeat
99772709,3,5208.45,1736.1499999999999,Repeat
99784559,1,2527.14,2527.14,New
99824171,2,4515.68,2257.84,Repeat
99893898,4,8817.53,2204.3825,Repeat
